anime_id,title,english_title,media_type,episodes,airing_status,source_material,season,studio,genres,age_rating,score,scored_by,score_rank,popularity_rank,members,favorites,release_date,broadcast_day
3009,Tiger Mask,Tiger Mask,tv,105,finished_airing,manga,fall 1969,Toei Animation,Combat Sports;Drama;Shounen;Sports,pg_13,7.28,4684,3125,6641,0,0,02-10-1969,NULL
9163,Attack No.1 (1970),NULL,movie,1,finished_airing,,winter 1970,Tokyo Movie Shinsha,Drama;Shoujo;Sports;Team Sports,pg_13,6.15,489,9620,13344,0,0,21-03-1970,NULL
5104,Andes Shounen Pepero no Bouken,Adventures of Pepero the Andes Boy,tv,26,finished_airing,,fall 1975,Wako Production,Adventure,pg,6.61,690,6801,13077,0,0,06-10-1975,NULL
1985,UFO Robo Grendizer,NULL,tv,74,finished_airing,manga,fall 1975,Toei Animation,Mecha;Sci-Fi,pg_13,7.57,6515,1811,6212,0,0,05-10-1975,NULL
14821,Taekwon Dongja Maruchi Arachi,NULL,movie,1,finished_airing,original,summer 1977,NULL,Action,g,5.52,126,12883,17783,0,0,27-07-1977,NULL
21475,Ikkyuu-san: Haru Da! Yancha Hime,NULL,movie,1,finished_airing,,winter 1981,Toei Animation,Comedy;Historical;Kids,g,6.14,139,9710,18042,0,0,14-03-1981,NULL
35032,Kitty to Mimmy no Atarashii Kasa,NULL,movie,1,finished_airing,original,winter 1981,NULL,Kids,g,5.82,122,11508,19076,0,0,14-03-1981,NULL
1090,Kidou Senshi Gundam I,Mobile Suit Gundam I,movie,1,finished_airing,original,winter 1981,Sunrise,Adventure;Drama;Mecha;Military;Sci-Fi;Space,pg_13,7.25,30927,3281,3455,0,0,14-03-1981,NULL
8554,Hashire Melos (1981),Run Melos,tv_special,1,finished_airing,novel,winter 1981,Toei Animation,Adult Cast;Drama;Historical,pg_13,5.37,542,13358,12958,0,0,07-02-1981,NULL
7666,Dr. Slump Movie 01: Arale-chan Hello! Fushigi Shima,Dr. Slump and Arale-chan: Hello! Wonder Island,movie,1,finished_airing,manga,summer 1981,Toei Animation,Comedy;Gag Humor;Sci-Fi;Shounen,pg_13,6.28,1370,8874,11069,0,0,18-07-1981,NULL
1549,1000-nen Joou: Queen Millennia,NULL,movie,1,finished_airing,manga,winter 1982,Toei Animation,Adventure;Drama;Fantasy;Sci-Fi,pg_13,6.78,2093,5743,8822,0,0,13-03-1982,NULL
6730,Tonde Mon Pe,NULL,tv,42,finished_airing,,summer 1982,Tokyo Movie Shinsha,Childcare;Kids;Supernatural,g,6.37,138,8346,17531,0,0,05-06-1982,NULL
6452,Akuu Daisakusen Srungle,Macron One,tv,53,finished_airing,original,winter 1983,Kokusai Eigasha,Mecha;Sci-Fi,pg_13,6.12,687,9807,11931,0,0,21-01-1983,friday
5303,Xabungle Graffiti,Xabungle Graffiti,movie,1,finished_airing,,summer 1983,Sunrise,Mecha,pg_13,5.65,552,12383,13180,0,0,09-07-1983,NULL
23515,Otsuki-sama to Oujo,The Princess and the Moon,movie,1,finished_airing,,summer 1983,Toei Animation,Fantasy,g,5.24,255,13691,16387,0,0,NULL,NULL
2598,Juusenki L-Gaim,Heavy Metal L-Gaim,tv,54,finished_airing,original,winter 1984,Sunrise,Adventure;Drama;Mecha;Sci-Fi;Space,pg_13,6.8,2013,5653,7630,0,0,04-02-1984,saturday
2039,Mahou no Yousei Persia,Persia the Magic Fairy,tv,48,finished_airing,original,summer 1984,Studio Pierrot,Comedy;Mahou Shoujo,pg,6.88,1497,5217,9667,0,0,06-07-1984,NULL
2511,Sengoku Majin Goushougun: Toki no Etranger,Time Stranger,movie,1,finished_airing,original,spring 1985,Ashi Productions,Action;Sci-Fi,pg_13,6.67,1554,6459,9946,0,0,27-04-1985,NULL
3671,"Genesis Climber Mospeada: Love, Live, Alive","Genesis Climber Mospeada: Love, Live, Alive",ova,1,finished_airing,,summer 1985,Tatsunoko Production,Mecha;Music,pg,6.08,644,10078,12270,0,0,01-09-1985,NULL
9390,Ginga Hyouryuu Vifam: Keito no Kioku - Namida no Dakkai Sakusen,NULL,ova,1,finished_airing,original,summer 1985,Sunrise,Adventure;Mecha;Sci-Fi,g,6.41,316,8079,14880,0,0,25-09-1985,NULL
40237,Tansui,Freshwater,movie,1,finished_airing,original,spring 1986,NULL,Avant Garde,g,4.84,274,14291,17167,0,0,NULL,NULL
12165,Niji no Kanata e! Shoujo Diana Monogatari,NULL,tv_special,1,finished_airing,other,spring 1986,Aubeck,Historical,g,5.17,358,13845,15014,0,0,01-05-1986,NULL
56540,Kobuta no Shippo,NULL,music,1,finished_airing,original,spring 1986,NULL,Kids;Music,g,0,78,0,24854,0,0,03-06-1986,NULL
57290,Aa Souka!,NULL,music,1,finished_airing,original,spring 1986,NULL,Kids;Music,g,0,76,0,24311,0,0,03-04-1986,NULL
2121,Captain Tsubasa: Sekai Daikessen!! Jr. World Cup,NULL,movie,1,finished_airing,manga,summer 1986,Tsuchida Productions,Shounen;Sports;Team Sports,g,6.84,3039,5424,8719,0,0,12-07-1986,NULL
11411,Hell Target,Hell Target,ova,1,finished_airing,original,winter 1987,Nakamura Production,Horror;Sci-Fi;Space,r,4.61,1394,14495,10575,0,0,21-01-1987,NULL
10250,Ultra B,NULL,tv,119,finished_airing,manga,spring 1987,Shin-Ei Animation,Comedy;Super Power,g,6.27,1492,8987,12026,0,0,05-04-1987,NULL
3183,MAPS: Densetsu no Samayoeru Seijin-tachi,NULL,movie,1,finished_airing,manga,summer 1987,Gallop,Action;Adventure;Drama;Sci-Fi;Shounen;Space,pg_13,5.53,801,12813,12635,0,0,14-07-1987,NULL
11873,Oraa Guzura Dado (1987),NULL,tv,44,finished_airing,,fall 1987,Tatsunoko Production,Comedy;Kids,pg,6.15,446,9672,14676,0,0,02-10-1987,NULL
39020,The Flying Luna Clipper,NULL,ova,1,finished_airing,original,fall 1987,NULL,Anthropomorphic;Avant Garde;Comedy;Music;Parody;Sci-Fi,pg_13,5.97,926,10703,11426,0,0,20-10-1987,NULL
27837,Kenritsu Umisora Koukou Yakyuubu-in Yamashita Tarou-kun,NULL,ova,1,finished_airing,manga,summer 1988,Shin-Ei Animation,Sports;Team Sports,pg_13,6.17,149,9522,17334,0,0,23-09-1988,NULL
7605,Parasol Henbei,NULL,tv,200,finished_airing,mixed_media,fall 1989,NULL,Adventure;Comedy;Fantasy;Kids,pg,6.31,279,8702,14699,0,0,02-10-1989,other
6276,Umezu Kazuo no Noroi,The Curse of Kazuo Umezu,ova,1,finished_airing,manga,winter 1990,Takahashi Studio,Horror,r,6.17,4224,9556,7216,0,0,01-03-1990,NULL
2150,Tanoshii Muumin Ikka,Moomin,tv,78,finished_airing,book,spring 1990,Telescreen,Adventure;Fantasy;Iyashikei;Kids;Slice of Life,g,8.28,13833,339,4414,0,0,12-04-1990,thursday
4807,Mashin Eiyuuden Wataru 2,Spirit Hero Wataru 2,tv,46,finished_airing,original,spring 1990,Sunrise,Adventure;Comedy;Isekai;Mecha,g,6.77,793,5838,12526,0,0,09-03-1990,friday
56011,Nee Shitteru kai,NULL,music,1,finished_airing,original,spring 1990,NULL,Kids;Music,g,0,67,0,25376,0,0,03-04-1990,NULL
56003,Tadaima Shiawase,NULL,music,1,finished_airing,original,spring 1990,NULL,Kids;Music,g,0,70,0,25340,0,0,03-04-1990,NULL
55613,Kodomo dake no Natsu,NULL,music,1,finished_airing,original,spring 1990,NULL,Kids;Music,g,0,72,0,25187,0,0,01-06-1990,NULL
56069,Yuurei Nandaze,NULL,music,1,finished_airing,original,spring 1990,NULL,Kids;Music;Supernatural,g,0,68,0,24949,0,0,01-06-1990,NULL
9825,Tonari no Tokoro,NULL,ova,1,finished_airing,original,spring 1990,Pastel,Comedy,g,0,108,20933,19022,0,0,25-05-1990,NULL
20229,Makkuro na Obentou,NULL,movie,1,finished_airing,book,spring 1990,NULL,Drama;Historical,g,0,64,18295,17365,0,0,12-06-1990,NULL
52389,Kidou Senshi SD Gundam Mk-IV Special,Mobile Suit SD Gundam Mk-IV Special,special,1,finished_airing,original,summer 1990,NULL,Comedy;Mecha;Parody;Sci-Fi,pg_13,5.4,239,13262,15841,0,0,25-09-1990,NULL
6065,Lemon Angel YJ-ban,NULL,ova,2,finished_airing,manga,summer 1990,MI,Romance;School,r+,5.55,626,12744,13487,0,0,06-07-1990,NULL
36375,Furusato no Nai Aki,NULL,music,1,finished_airing,original,summer 1990,NULL,Kids;Music,g,5.45,149,0,20651,0,0,01-08-1990,NULL
22275,OL Kaizou Kouza,NULL,ova,1,finished_airing,,summer 1990,TMS Entertainment,Adult Cast;Comedy,r+,5.44,214,13131,14823,0,0,01-09-1990,NULL
5249,Mitsume ga Tooru,The Three-Eyed One,tv,48,finished_airing,manga,fall 1990,Tezuka Productions,Adventure;Shounen,g,6.88,825,5220,12241,0,0,18-10-1990,NULL
11545,Happyakuyachou Hyouri Kewaishi,NULL,tv,16,finished_airing,manga,fall 1990,Shin-Ei Animation,Drama;Historical,pg_13,6.19,341,9401,13588,0,0,09-10-1990,NULL
19831,Ore wa Chokkaku,NULL,tv,36,finished_airing,manga,winter 1991,Studio Pierrot,Comedy,NULL,6.31,452,8699,14752,0,0,05-01-1991,NULL
4504,Kinkyuu Hasshin Saver Kids,Emergency Departure Rescue Kids,tv,50,finished_airing,original,winter 1991,Tokyo Movie Shinsha,Adventure;Comedy;Mecha;Sci-Fi,pg_13,6.55,519,7195,13813,0,0,19-02-1991,NULL
1267,Yoroiden Samurai Troopers Message,Ronin Warriors Message,ova,5,finished_airing,original,winter 1991,Sunrise,Adventure;Fantasy;Samurai,pg_13,5.93,1403,10929,10616,0,0,21-03-1991,NULL
10466,Phantom Yuusha Densetsu,NULL,ova,1,finished_airing,novel,winter 1991,Magic Bus,Action;Drama;Military;Seinen,r+,5.19,517,13804,13521,0,0,24-01-1991,NULL
2180,Slow Step,Slow Step,ova,5,finished_airing,manga,spring 1991,Pastel,Comedy;Romance;School;Shoujo;Sports,pg_13,6.4,1324,8176,10082,0,0,01-06-1991,NULL
9338,Ore no Sora: Keiji-hen,My Sky: Detective Story,ova,2,finished_airing,manga,fall 1991,APPP,Action;Detective;Drama;Mystery;Organized Crime;Seinen,r+,5.84,253,11407,14092,0,0,21-10-1991,NULL
10481,Otohime Connection,Princess Connection,ova,1,finished_airing,manga,fall 1991,Production I.G;animate Film,Drama;Mystery;Romance;Shoujo,pg_13,5.9,338,11091,13719,0,0,01-12-1991,NULL
8753,Ultraman Kids: Haha wo Tazunete 3000-man Kounen,Ultraman Kids: 30 Million Light-Years in Search of Mother,tv,26,finished_airing,other,fall 1991,Tsuburaya Productions,Kids;Space,pg,6.16,421,9613,14500,0,0,17-11-1991,NULL
3281,Kinnikuman: Kinnikusei Oui Soudatsu-hen,NULL,tv,46,finished_airing,manga,fall 1991,Toei Animation,Combat Sports;Comedy;Shounen;Sports,pg_13,6.9,1999,5097,9387,0,0,06-10-1991,NULL
2804,Hana no Mahoutsukai Mary Bell,NULL,tv,50,finished_airing,original,winter 1992,Ashi Productions,Adventure;Fantasy,g,6.7,1323,6232,10135,0,0,03-02-1992,monday
56655,Nattou da!,NULL,music,1,finished_airing,original,winter 1992,NULL,Gourmet;Kids;Music,g,0,41,0,25101,0,0,03-02-1992,NULL
57377,Ashita,NULL,music,1,finished_airing,original,winter 1992,NULL,Kids;Music,g,0,53,0,25395,0,0,03-02-1992,NULL
530,Bishoujo Senshi Sailor Moon,Sailor Moon,tv,46,finished_airing,manga,spring 1992,Toei Animation,Mahou Shoujo;Romance;Shoujo,pg_13,7.75,201161,1227,649,0,0,07-03-1992,saturday
9348,Chibi Maruko-chan: Watashi no Suki na Uta,NULL,movie,1,finished_airing,manga,fall 1992,Nippon Animation;Ajia-do,Drama;Music;Romance;Shoujo;Visual Arts,g,7.25,922,3255,11702,0,0,19-12-1992,NULL
5689,Eien no Filena,NULL,ova,6,finished_airing,light_novel,fall 1992,Studio Pierrot,Adventure;Drama;Fantasy,r,5.73,786,11954,12188,0,0,21-12-1992,NULL
985,Dragon Ball Z Special 2: Zetsubou e no Hankou!! Nokosareta Chousenshi - Gohan to Trunks,Dragon Ball Z: The History of Trunks,tv_special,1,finished_airing,manga,winter 1993,Toei Animation,Adventure;Drama;Fantasy;Shounen,pg_13,7.82,90273,1063,1920,0,0,24-02-1993,NULL
3061,Kishin Heidan,Kishin Corps,ova,7,finished_airing,novel,winter 1993,AIC,Adventure;Historical;Mecha;Sci-Fi,pg_13,6.34,1149,8489,10754,0,0,25-03-1993,NULL
6472,Gakkou no Kowai Uwasa: Hanako-san ga Kita!!,Scary High School Rumors,tv,35,finished_airing,,summer 1994,Group TAC,Horror,pg_13,6.37,824,8320,11126,0,0,15-08-1994,other
2559,Romeo no Aoi Sora,Romeo's Blue Skies,tv,33,finished_airing,novel,winter 1995,Nippon Animation,Adventure;Drama;Historical,pg_13,8.31,19104,306,3339,0,0,15-01-1995,sunday
33897,Utsukushii Chikyuu wo Yogosanai de,Cry for Our Beautiful World,ova,1,finished_airing,picture_book,winter 1995,NULL,Drama,g,0,43,21141,21139,0,0,24-03-1995,NULL
35721,Atashi Tenshi Anata Akuma,NULL,ova,2,finished_airing,,winter 1995,NULL,Childcare,g,0,59,15010,20630,0,0,21-03-1995,NULL
22325,Ningen Kakumei,NULL,ova,20,finished_airing,novel,winter 1995,Toei Animation,Slice of Life,pg_13,0,73,18973,17478,0,0,NULL,NULL
7245,Sekai Meisaku Douwa: Wow! Maerchen Oukoku,The World's Most Famous Tales,tv,26,finished_airing,,spring 1995,Toei Animation,Fantasy,g,6.57,642,7090,13249,0,0,07-04-1995,friday
1011,Ranma ½ Super,NULL,ova,3,finished_airing,manga,summer 1995,Studio Deen,Action;Adventure;Comedy;Martial Arts;Romance;Shounen;Supernatural,pg_13,7.63,10061,1594,5215,0,0,21-09-1995,NULL
3398,Shin Hurricane Polymar,Hurricane Polymar: Holy Blood,ova,2,finished_airing,original,summer 1996,J.C.Staff;Tatsunoko Production,Action;Martial Arts;Sci-Fi;Super Power,r+,5.9,1218,11094,10649,0,0,21-09-1996,NULL
1657,Byston Well Monogatari: Garzey no Tsubasa,Garzey's Wing,ova,3,finished_airing,novel,summer 1996,J.C.Staff,Action;Fantasy;Isekai,pg_13,4.13,7113,14678,5664,0,0,21-09-1996,NULL
1502,Mahou Shoujo Pretty Sammy (1996),Magical Project S,tv,26,finished_airing,original,fall 1996,AIC,Comedy;Mahou Shoujo;Parody,pg,6.75,3030,5951,7317,0,0,04-10-1996,friday
1644,Princess Rouge,NULL,ova,2,finished_airing,original,summer 1997,J.C.Staff;Front Line,Fantasy;Romance,pg_13,5.77,1212,11803,11098,0,0,25-09-1997,NULL
28569,Kogitsune no Shouboutai,NULL,ova,1,finished_airing,picture_book,summer 1997,NULL,Drama;Fantasy;Kids,g,0,40,17825,22198,0,0,NULL,NULL
42323,Nanjung Ilgi,Admiral's Diary,movie,1,finished_airing,,summer 1997,NULL,Historical;Military,pg_13,0,41,18883,22182,0,0,19-07-1997,NULL
39384,Kogitsune no Koutsuu Anzen,NULL,ova,1,finished_airing,picture_book,summer 1997,NULL,Educational;Fantasy;Kids,g,0,33,17823,23279,0,0,NULL,NULL
57032,Let's Be Friends: Tomodachi ni Narou yo,NULL,music,1,finished_airing,original,summer 1997,NULL,Kids;Music,g,0,27,0,27056,0,0,01-08-1997,NULL
27849,Nezumi-kun no Chokki,NULL,ova,4,finished_airing,,summer 1997,Toei Animation,Kids,g,0,45,18944,21683,0,0,21-07-1997,NULL
48320,Jeonsa Ryan,The Last Warrior Ryan,movie,1,finished_airing,game,summer 1997,NULL,Adventure;Fantasy;Kids,g,0,28,17264,23466,0,0,19-07-1997,NULL
19943,Eikou e no Spur: Igaya Chiharu Monogatari,NULL,movie,1,finished_airing,,summer 1997,Mushi Production,Drama;Historical;Sports,NULL,0,82,16228,16578,0,0,13-09-1997,NULL
1026,Yakumotatsu,Eight Clouds Rising,ova,2,finished_airing,manga,fall 1997,Studio Pierrot,Adventure;Historical;Horror;Shoujo;Supernatural,pg_13,6.05,1950,10288,9214,0,0,25-10-1997,NULL
23855,Dennou Sentai Voogie's★Angel Gaiden: Susume! Super★Angels!,NULL,ova,2,finished_airing,,summer 1998,J.C.Staff,Comedy;Mecha;Parody;Sci-Fi,pg_13,5.53,157,12800,15235,0,0,21-08-1998,NULL
37506,Legend of Lemnear: Kyokuguro no Tsubasa Valkisas Pilot Film,Valkisas:The Wings of Ultimate Darkness Pilot Film,special,1,finished_airing,original,summer 1998,AIC,Action;Adventure,r+,5.35,392,13412,14936,0,0,03-09-1998,NULL
1395,Future GPX Cyber Formula Sin,NULL,ova,5,finished_airing,original,fall 1998,Sunrise,Drama;Racing;Sci-Fi,pg_13,7.51,1453,2040,10479,0,0,21-12-1998,NULL
3499,DinoZone,DinoZaurs,ova,5,finished_airing,other,fall 1998,Sunrise,Adventure;Sci-Fi,g,5.55,488,12738,13717,0,0,27-11-1998,NULL
7643,Domo-kun,NULL,tv,37,finished_airing,other,winter 1999,dwarf,Comedy;Kids,g,6.44,993,7877,10901,0,0,22-12-1998,other
41612,Oshougatsuda yo! Pokemon Special!,NULL,special,1,finished_airing,game,winter 1999,OLM,Action;Adventure;Comedy;Fantasy;Kids,pg,5.89,330,11143,14494,0,0,01-01-1999,NULL
22293,Mahou no Yousei Persia: Escape!,NULL,music,1,finished_airing,original,winter 1999,Studio Pierrot,Music,r+,5.64,529,0,14551,0,0,25-03-1999,NULL
17131,Dennou Sentai Voogie's★Angel: Forever and Ever,NULL,ova,1,finished_airing,,winter 1999,J.C.Staff,Comedy;Drama;Mecha;Sci-Fi,pg_13,5.77,189,11768,15557,0,0,25-01-1999,NULL
42663,Fuusen,NULL,music,1,finished_airing,original,winter 1999,NULL,Kids;Music,g,5.27,121,0,22310,0,0,01-02-1999,NULL
41766,Hitotsu no Doa,NULL,music,1,finished_airing,original,winter 1999,NULL,Kids;Music,g,5.72,122,0,22043,0,0,01-02-1999,NULL
30217,Neo Faust,NULL,tv_special,1,finished_airing,manga,winter 1999,NULL,Supernatural,r+,5.5,261,12937,16096,0,0,15-01-1999,NULL
52639,Shounen Sunday CM: Tenshi na Konamaiki,NULL,cm,1,finished_airing,manga,summer 1999,NULL,Comedy;Magical Sex Shift;Romance;Shounen,g,5.49,233,0,18056,0,0,13-09-1999,NULL
6447,Break-Age,NULL,ova,1,finished_airing,manga,summer 1999,Ripple Film,Mecha;Romance;Sci-Fi;Shounen,pg_13,5.56,642,12701,13097,0,0,25-09-1999,NULL
379,Heppoko Jikken Animation Excel♥Saga,Excel Saga,tv,26,finished_airing,manga,fall 1999,J.C.Staff,Adult Cast;Comedy;Gag Humor;Parody;Sci-Fi;Seinen,r,7.48,50996,2170,2105,0,0,08-10-1999,friday
1627,Choushin Hime Dangaizer 3,NULL,ova,4,finished_airing,original,fall 1999,Chaos Project,Adventure;Ecchi;Mecha;Sci-Fi,r+,5.5,1228,12919,10320,0,0,08-10-1999,NULL
21975,Sore Ike! Anpanman: Outa to Teasobi Tanoshii ne,NULL,ova,2,finished_airing,,winter 2000,NULL,Comedy;Fantasy;Kids,pg,0,109,20497,18716,0,0,20-03-2000,NULL
42399,Honnouji no Hen,NULL,movie,1,finished_airing,,winter 2000,NULL,Historical;Samurai,pg_13,0,79,17007,20541,0,0,18-03-2000,NULL
396,Seikai no Senki,Banner of the Stars,tv,13,finished_airing,light_novel,spring 2000,Sunrise,Action;Military;Romance;Sci-Fi;Space,pg_13,7.64,15534,1561,4194,0,0,14-04-2000,NULL
129,Gensoumaden Saiyuuki,Saiyuki,tv,50,finished_airing,manga,spring 2000,Studio Pierrot,Action;Adventure;Drama;Fantasy;Shounen,r,7.53,22226,1965,3238,0,0,04-04-2000,tuesday
208,R.O.D: Read or Die,R.O.D - Read or Die,ova,3,finished_airing,light_novel,spring 2001,Studio Deen,Action;Adult Cast;Adventure;Historical;Mystery;Sci-Fi,pg_13,7.6,35956,1700,2805,0,0,23-05-2001,NULL
1005,Star Ocean EX,Star Ocean EX,tv,26,finished_airing,game,spring 2001,Studio Deen,Adventure;Fantasy;Sci-Fi;Shounen,pg_13,6.59,6507,6969,6186,0,0,03-04-2001,tuesday
22449,Hello Kitty no Nagagutsu wo Naita Neko,Hello Kitty in Puss in Boots,ova,1,finished_airing,,fall 2001,NULL,Fantasy;Kids,g,5.79,234,11674,16242,0,0,21-12-2001,NULL
18083,Hello Kitty no Kurumi Wari Ningyou,Hello Kitty in The Nutcracker,ova,1,finished_airing,,fall 2001,NULL,Fantasy;Kids,g,5.77,243,11779,16192,0,0,26-10-2001,NULL
10989,Stray Sheep: Poe no Chicchana Daibouken,NULL,tv,18,finished_airing,original,fall 2001,Robot Communications,Comedy;Kids,pg,6.04,145,10334,17417,0,0,16-10-2001,NULL
8883,Kikou Heidan J-Phoenix: PF Lips Shoutai,NULL,ova,3,finished_airing,,spring 2002,J.C.Staff,Comedy;Mecha,NULL,5.58,193,12638,15453,0,0,12-05-2002,NULL
24355,Gaia Getter A-kun,NULL,ona,2,finished_airing,,spring 2002,NULL,Comedy;Kids;Sci-Fi;Space,g,5.22,120,13737,19741,0,0,01-06-2002,NULL
529,Saishuu Heiki Kanojo,"She, The Ultimate Weapon",tv,13,finished_airing,manga,summer 2002,Gonzo,Drama;Military;Romance;School;Sci-Fi;Seinen,r,7.13,39332,3988,2298,0,0,02-07-2002,tuesday
1380,Blue Gender: The Warrior,Blue Gender: The Warrior,movie,1,finished_airing,original,fall 2002,AIC,Adventure;Drama;Gore;Horror;Mecha;Military;Sci-Fi;Space,r,6.19,5351,9383,6585,0,0,20-11-2002,NULL
971,Astro Boy: Tetsuwan Atom,Astro Boy (2003),tv,50,finished_airing,manga,spring 2003,Tezuka Productions,Action;Adventure;Sci-Fi;Shounen;Super Power,g,7.1,12605,4121,4736,0,0,06-04-2003,NULL
265,Hajime no Ippo: Mashiba vs. Kimura,Fighting Spirit: Mashiba vs. Kimura,ova,1,finished_airing,manga,summer 2003,Madhouse,Combat Sports;Shounen;Sports,pg_13,8.25,77451,366,2001,0,0,05-09-2003,NULL
748,True Love Story,"True Love Story Summer Days, and yet...",ova,3,finished_airing,visual_novel,summer 2003,Picture Magic;A-Line,Romance,pg_13,5.96,2072,10758,8995,0,0,26-09-2003,NULL
30204,Ryoukan-san,NULL,movie,1,finished_airing,other,summer 2003,NULL,Historical,g,0,97,19768,18472,0,0,12-07-2003,NULL
620,Takahashi Rumiko Gekijou Ningyo no Mori,Mermaid Forest,tv,11,finished_airing,manga,fall 2003,TMS Entertainment,Drama;Fantasy;Horror;Mystery;Shounen,r,7.02,10349,4554,4543,0,0,05-10-2003,sunday
55606,BGM,NULL,music,1,finished_airing,original,fall 2003,NULL,Music,g,0,77,0,24833,0,0,19-11-2003,NULL
58181,Heart Cocktail Again: Koi no Rensa,Heart Cocktail Again: Chain Reaction of Love,special,1,finished_airing,manga,fall 2003,HAL Film Maker,Adult Cast;Romance,pg_13,0,25,16826,25924,0,0,22-10-2003,NULL
59323,Wakiaiai,NULL,music,1,finished_airing,original,fall 2003,NULL,Kids;Music,g,0,17,0,29208,0,0,03-12-2003,NULL
60383,Sore Ike! Anpanman: Black Santa to Suteki na Present,NULL,tv_special,1,finished_airing,picture_book,fall 2003,TMS Entertainment,Anthropomorphic;Comedy;Fantasy;Super Power,pg,0,13,20467,26870,0,0,19-12-2003,NULL
35175,Osakini Douzo Arigatou,NULL,ova,1,finished_airing,original,fall 2003,NULL,Kids,g,0,29,19172,23153,0,0,25-11-2003,NULL
35489,Sakai Noriko no Yoiko no Ohanashi Hiroba,NULL,ova,10,finished_airing,book,fall 2003,NULL,Fantasy;Kids,g,0,47,19819,22152,0,0,06-11-2003,NULL
2742,Omoikkiri Kagaku Adventure Sou Nanda!,Full-Blast Science Adventure: So That's How It Is!,tv,26,finished_airing,original,fall 2003,OLM,Comedy;Kids;Sci-Fi,NULL,0,131,19127,16108,0,0,05-10-2003,NULL
37112,Doraemon Anniversary 25,Doraemon the Movie 25th Anniversary,movie,1,finished_airing,manga,winter 2004,Shin-Ei Animation,Comedy;Kids;Sci-Fi;Shounen,g,6.36,531,8365,14005,0,0,06-03-2004,NULL
10987,Zettai Zetsumei Dangerous Jiisan (2004),NULL,tv,51,finished_airing,manga,spring 2004,Studio Hibari,Comedy;Kids,pg,5.79,160,11717,16135,0,0,04-04-2004,NULL
251,Kyou kara Maou!,NULL,tv,78,finished_airing,light_novel,spring 2004,Studio Deen,Adventure;Comedy;Fantasy;Isekai;Shoujo,pg_13,7.61,43894,1657,2057,0,0,03-04-2004,saturday
29385,Chii-chan to Hige Ojisan,NULL,tv_special,10,finished_airing,original,spring 2004,NULL,Kids;Slice of Life,pg,0,68,15649,20350,0,0,21-06-2004,NULL
34249,Aqua Kids,Aqua Kids,tv,26,finished_airing,original,spring 2004,CinePix,Adventure;Kids,g,0,107,14975,18758,0,0,01-04-2004,thursday
11497,Sore Ike! Zukkoke Sannin-gumi,NULL,tv,26,finished_airing,novel,spring 2004,Nippon Animation,Comedy;Kids;School,pg,0,85,20510,18579,0,0,04-04-2004,NULL
2727,Sweet Valerian,NULL,tv,18,finished_airing,original,summer 2004,Madhouse,Action;Comedy,g,5.84,1293,11418,9749,0,0,01-08-2004,sunday
30428,Hikenai Guitar wo Hikundaze,NULL,music,1,finished_airing,music,fall 2004,NULL,Music,pg_13,5.42,352,0,17011,0,0,22-12-2004,NULL
8109,Tottoko Hamtarou Movie 4: Hamtarou to Fushigi no Oni no Emon Tou,Hamtaro: The Mysterious Ogre's Picture Book Tower,movie,1,finished_airing,,fall 2004,TMS Entertainment,Adventure;Comedy;Kids,g,6.44,731,7922,12258,0,0,23-12-2004,NULL
346,W: Wish,Double Wish,tv,13,finished_airing,visual_novel,fall 2004,Trinet Entertainment;Picture Magic,Drama;Harem;Romance;School,pg_13,6.12,6058,9860,5803,0,0,03-10-2004,NULL
519,Mahoraba: Heartful Days,NULL,tv,26,finished_airing,manga,winter 2005,J.C.Staff,Comedy;Romance;Shounen;Visual Arts,pg_13,7.28,11039,3105,4739,0,0,10-01-2005,monday
760,Tenjou Tenge: The Past Chapter,TenjhoTenge: The Past Chapter,ova,1,finished_airing,manga,winter 2005,Madhouse,Action;Drama;Martial Arts;Seinen;Super Power;Supernatural,r,7.03,10556,4506,5109,0,0,30-03-2005,NULL
4012,First Squad,NULL,music,1,finished_airing,original,winter 2005,Studio 4°C,Action;Music,pg_13,5.75,3988,0,8070,0,0,20-03-2005,NULL
13513,Anima,NULL,movie,1,finished_airing,original,winter 2005,NULL,Music,r+,5.19,1183,13795,11739,0,0,NULL,NULL
25809,Oretachi Ijiwaru Kei,NULL,tv,14,finished_airing,,winter 2005,Karaku,Comedy,NULL,0,76,19164,18869,0,0,26-12-2004,sunday
29843,Akuei to Gacchinpo: Tenkomori,NULL,tv,12,finished_airing,,winter 2005,NULL,Comedy;Kids,pg_13,0,100,14885,18875,0,0,07-01-2005,NULL
16776,Hurdle,Hurdle,movie,1,finished_airing,,winter 2005,Magic Bus,Drama,NULL,0,84,17151,18194,0,0,15-01-2005,NULL
19311,Turuturutu Narongi,NULL,tv,52,finished_airing,original,winter 2005,NULL,Adventure;Kids,g,0,67,21053,19879,0,0,NULL,NULL
67,Basilisk: Kouga Ninpou Chou,Basilisk,tv,24,finished_airing,manga,spring 2005,Gonzo,Action;Adult Cast;Drama;Gore;Historical;Martial Arts;Romance;Samurai;Seinen,r,7.53,81615,1955,1368,0,0,13-04-2005,NULL
4314,Nanami-chan 2nd Series,NULL,tv,16,finished_airing,other,summer 2005,Group TAC;Robot Communications,Comedy;Kids,g,6.16,265,9593,16217,0,0,17-06-2005,NULL
641,Ichigo 100% Special 2,Strawberry 100%,special,1,finished_airing,manga,fall 2005,Madhouse,Comedy;Ecchi;Romance;Shounen,pg_13,6.79,10548,5709,5450,0,0,14-12-2005,NULL
3270,IGPX: Immortal Grand Prix (2005),IGPX: Immortal Grand Prix,tv,13,finished_airing,original,fall 2005,Production I.G,Drama;Mecha;Racing;Sci-Fi,pg_13,7.06,9144,4346,5184,0,0,06-10-2005,NULL
1969,Kidou Senshi Z Gundam III: Hoshi no Kodou wa Ai,Mobile Suit Zeta Gundam: A New Translation III - Love Is the Pulse of the Stars,movie,1,finished_airing,original,winter 2006,Sunrise,Drama;Mecha;Military;Sci-Fi;Space,pg_13,7.02,6230,4532,6454,0,0,04-03-2006,NULL
6330,Shakugan no Shana: Friagne & Marianne no Naze Nani Shana! Nandemo Shitsumonbako!,NULL,special,8,finished_airing,light_novel,winter 2006,J.C.Staff,Comedy;Fantasy;Urban Fantasy,pg_13,6.55,4571,7214,6299,0,0,25-01-2006,NULL
1202,Ar Tonelico: Sekai no Owari de Utai Tsuzukeru Shoujo,NULL,ova,1,finished_airing,game,winter 2006,Trans Arts,Action;Adventure;Fantasy;Sci-Fi,pg_13,6.08,6865,10059,6260,0,0,22-03-2006,NULL
916,Tokkou,Tokko,tv,13,finished_airing,manga,spring 2006,AIC Spirits;Group TAC,Action;Adult Cast;Detective;Gore;Horror;Mystery;Seinen;Supernatural,r,6.52,22195,7404,3593,0,0,16-04-2006,sunday
15815,"Yakeato no, Okashi no Ki",NULL,tv_special,1,finished_airing,novel,summer 2006,Shin-Ei Animation,Drama;Historical;Kids,g,6.24,227,9138,16525,0,0,15-08-2006,NULL
3028,Cluster Edge Specials,NULL,special,3,finished_airing,,summer 2006,Sunrise,Action;Fantasy;Military;Sci-Fi,pg_13,6.53,326,7307,13528,0,0,22-09-2006,NULL
3138,"Solty Rei: Surechigau Kimochi de, Omoi Au Kokoro de.",NULL,special,1,finished_airing,original,summer 2006,Gonzo;AIC,Comedy;Drama,pg_13,6.99,1973,4694,9799,0,0,26-07-2006,NULL
58139,Kimi ga Nozomu Eien: Ayu Mayu Gekijou Prologue,NULL,ova,1,finished_airing,visual_novel,summer 2006,Picture Magic,Comedy,pg_13,5.62,180,12482,18008,0,0,11-08-2006,NULL
1221,Demashita! Powerpuff Girls Z,Powerpuff Girls Z,tv,52,finished_airing,other,summer 2006,Toei Animation,Action;Mahou Shoujo;School,pg,6.51,16509,7424,4052,0,0,01-07-2006,saturday
48288,Apple Candy Girl,NULL,tv,39,finished_airing,original,summer 2006,NULL,Kids,pg,0,30,14974,22706,0,0,15-07-2006,NULL
51808,Arigatou: Kokoro no Bara,NULL,music,1,finished_airing,,summer 2006,NULL,Kids;Music;Romance,g,0,90,0,22828,0,0,NULL,NULL
56379,Mameushi-kun,NULL,ova,3,finished_airing,picture_book,summer 2006,NULL,Comedy;Fantasy;Kids,g,0,19,18310,25561,0,0,25-08-2006,NULL
56367,009-1 Pilot Movie,NULL,pv,1,finished_airing,manga,summer 2006,NULL,Action;Sci-Fi;Seinen,r,0,39,0,26152,0,0,11-08-2006,NULL
58422,"Funkorogashi wa, Isogashii.",NULL,music,1,finished_airing,original,summer 2006,NULL,Kids;Music,g,0,48,0,27250,0,0,01-08-2006,NULL
34014,Hoshi no Oujisama Petit☆Prince Specials,The Adventures of the Little Prince,special,4,finished_airing,book,fall 2006,Knack Productions,Adventure,g,6.19,136,9405,18624,0,0,22-12-2006,NULL
7518,Boku wa Kuma,NULL,music,1,finished_airing,original,fall 2006,dwarf,Kids;Music;Slice of Life,g,5.61,956,0,13153,0,0,02-10-2006,NULL
56463,Mahou Shokudou Chara Pontan,NULL,tv,13,finished_airing,original,fall 2006,NULL,Comedy;Gourmet,pg_13,0,18,18275,24759,0,0,01-11-2006,NULL
48338,Kungya Kungya,NULL,tv,26,finished_airing,game,fall 2006,NULL,Fantasy;Kids,pg,0,30,17995,23249,0,0,09-11-2006,NULL
1988,Himawari!!,Himawari Too!!,tv,13,finished_airing,original,winter 2007,Arms,Action;Comedy;Martial Arts;Romance,pg_13,6.44,4136,7887,6580,0,0,07-01-2007,sunday
53878,One Piece: Uchuu tte Omoshiree! Hoshizora Jima-hen,One Piece: Departure to the Starry Sky,movie,1,finished_airing,manga,spring 2007,Toei Animation,Adventure;Comedy;Fantasy;Shounen,pg_13,6.68,634,6394,11093,0,0,21-04-2007,NULL
3864,Souten no Ken Specials,Fist of the Blue Sky Specials,special,4,finished_airing,manga,spring 2007,APPP,Action;Historical;Martial Arts;Shounen,r,6.24,1173,9131,11129,0,0,24-05-2007,NULL
2751,Miyori no Mori,Miyori's Forest,tv_special,1,finished_airing,manga,summer 2007,Nippon Animation,Adventure;Drama;Fantasy;Shoujo,g,6.88,4884,5221,6147,0,0,25-08-2007,NULL
5276,Happy Happy Clover,NULL,tv,13,finished_airing,manga,summer 2007,Group TAC,Anthropomorphic;Fantasy;Iyashikei;Kids;Shoujo;Slice of Life,g,6.34,558,8483,12189,0,0,06-07-2007,friday
12877,Bokura no: Tsuisou,NULL,tv_special,1,finished_airing,manga,summer 2007,Gonzo,Drama;Mecha;Psychological;Sci-Fi,r,6.11,1152,9868,10425,0,0,24-07-2007,NULL
1840,Zero no Tsukaima: Futatsuki no Kishi,The Familiar of Zero: Knight of the Twin Moons,tv,12,finished_airing,light_novel,summer 2007,J.C.Staff,Action;Adventure;Comedy;Ecchi;Fantasy;Harem;Isekai;Romance;School,pg_13,7.38,320396,2629,473,0,0,09-07-2007,monday
41076,Kono Aozora ni Yakusoku wo: Youkoso Tsugumi Ryou e - Ai no Tsugumi Ryou Gekijou,NULL,special,5,finished_airing,visual_novel,summer 2007,NULL,Comedy,pg_13,0,105,17871,17104,0,0,21-09-2007,NULL
29750,AAA de Ikou!!: Yuuna & Akiko,NULL,ova,1,finished_airing,,summer 2007,NULL,Comedy,g,0,95,14832,18373,0,0,24-08-2007,NULL
21953,Sore Ike! Anpanman: Horrorman to Hora Horako,NULL,movie,1,finished_airing,,summer 2007,NULL,Comedy;Fantasy;Kids,pg,0,103,20483,18556,0,0,14-07-2007,NULL
38568,Susume! Dokan-kun,NULL,tv,13,finished_airing,original,summer 2007,DLE,Comedy;Mecha,g,0,56,20605,20390,0,0,07-07-2007,NULL
8936,Melody,NULL,ona,1,finished_airing,original,winter 2008,NULL,Drama,g,5.84,817,11404,12944,0,0,NULL,NULL
4383,Catman Series III,NULL,tv,6,finished_airing,original,winter 2008,NULL,Anthropomorphic;Comedy;Fantasy,pg_13,6.25,837,9053,12565,0,0,02-03-2008,sunday
2129,True Tears,True Tears,tv,13,finished_airing,original,winter 2008,P.A. Works,Drama;Love Polygon;Romance;School,pg_13,7.26,104322,3241,1230,0,0,06-01-2008,sunday
3225,Minami-ke Okawari,NULL,tv,13,finished_airing,manga,winter 2008,asread.,CGDCT;Comedy;School;Seinen,pg_13,7.32,41819,2899,2809,0,0,07-01-2008,monday
32660,Petit Petit Muse,NULL,tv,26,finished_airing,original,winter 2008,NULL,Mahou Shoujo,g,0,102,19313,16665,0,0,27-01-2008,sunday
4107,Tengen Toppa Gurren Lagann Movie 1: Gurren-hen,Gurren Lagann The Movie: Childhood's End,movie,1,finished_airing,original,summer 2008,Gainax,Mecha;Sci-Fi,pg_13,8.17,89522,481,1432,0,0,06-09-2008,NULL
5065,Detroit Metal City: Birth of the Metal Devil,Detroit Metal City: Birth of the Metal Devil,special,1,finished_airing,manga,summer 2008,Studio 4°C,Adult Cast;Comedy;Gag Humor;Music;Parody;Seinen;Showbiz,r,7.27,13547,3142,4994,0,0,11-07-2008,NULL
5116,Candy Boy Episode: EX01 - Mirai Yohouzu,NULL,ova,1,finished_airing,original,summer 2008,AIC,Girls Love;School,pg_13,6.74,15627,5981,4710,0,0,13-08-2008,NULL
60724,World Destruction: Sekai Bokumetsu no Rokunin Specials,Sands of Destruction Specials,special,6,finished_airing,game,summer 2008,NULL,Adventure;Fantasy,pg_13,0,17,21335,28696,0,0,26-09-2008,NULL
55900,Aloha Edamame,NULL,music,1,finished_airing,original,summer 2008,NULL,Kids;Music,g,0,71,0,24560,0,0,01-08-2008,NULL
37891,Shittakaburi Kaitsuburi,Shittakaburi Kaituburi,music,5,finished_airing,original,summer 2008,NULL,Kids;Music,g,0,32,0,23683,0,0,20-09-2008,NULL
5234,Zettai Yareru Greece Shinwa,NULL,tv,13,finished_airing,original,fall 2008,A-1 Pictures;No Side,Comedy;Ecchi,r+,5.89,175,11154,15465,0,0,04-10-2008,NULL
33126,Kurogane no Linebarrels Picture Drama,NULL,special,9,finished_airing,manga,fall 2008,Gonzo,Ecchi;Seinen,pg_13,6.06,185,10200,14703,0,0,24-12-2008,NULL
33882,Kochira Katsushikaku Kameari Kouenmae Hashutsujo: Mezase! Kameari Superstar!! Ryoutsu-shiki Idol e no Michi!,NULL,special,2,finished_airing,manga,fall 2008,Gallop,Adult Cast;Comedy;Shounen,pg_13,6.28,175,8889,16019,0,0,26-10-2008,NULL
48881,15 Step,NULL,music,1,finished_airing,original,fall 2008,NULL,Music,g,5.66,284,0,18346,0,0,02-12-2008,NULL
5538,Tegamibachi: Hikari to Ao no Gensou Yawa,Letter Bee: Light and Blue Night Fantasy,special,1,finished_airing,manga,fall 2008,Studio Pierrot,Adventure;Fantasy;Shounen,pg_13,7.42,6937,2435,6043,0,0,24-11-2008,NULL
32842,Panpaka Pants,Panpaka Pantsu,tv,27,finished_airing,original,fall 2008,DLE,Comedy;Kids,g,0,108,19253,17737,0,0,01-10-2008,NULL
5184,Negibouzu no Asatarou,NULL,tv,48,finished_airing,picture_book,fall 2008,Toei Animation,Adventure;Comedy;Historical,NULL,0,88,18907,17380,0,0,12-10-2008,NULL
5089,Noramimi 2,NULL,tv,13,finished_airing,manga,fall 2008,NULL,Childcare;Comedy,NULL,0,115,19027,17370,0,0,01-10-2008,NULL
19501,Giga Tribe,NULL,tv,39,finished_airing,,fall 2008,NULL,Comedy;Parody;Super Power,pg,0,84,16537,17732,0,0,08-10-2008,NULL
17004,Sore Ike! Anpanman: Franken-Robo-kun's Surprised Christmas,NULL,tv_special,1,finished_airing,,fall 2008,TMS Entertainment,Comedy;Fantasy;Kids;Super Power,pg,0,110,20478,18665,0,0,19-12-2008,NULL
34363,Ocha-ken: Ryokutto Monogatari,NULL,tv,13,finished_airing,original,fall 2008,NULL,Kids;Slice of Life,g,0,96,19075,18563,0,0,22-11-2008,saturday
5240,"Pyuu to Fuku! Jaguar: Ima, Fuki ni Yukimasu",NULL,movie,1,finished_airing,manga,winter 2009,NULL,Comedy;Gag Humor;Music,pg_13,6.25,138,9085,15251,0,0,01-01-2009,NULL
28489,Jigoku Koushien,NULL,ova,1,finished_airing,,winter 2009,NULL,Comedy;Horror;Shounen;Sports;Team Sports,r,0,65,17335,19096,0,0,13-02-2009,NULL
31317,Yonimo Kimyou na Man☆Gatarou,NULL,ova,8,finished_airing,,winter 2009,NULL,Comedy,r+,0,84,22069,19884,0,0,06-03-2009,NULL
6171,Saint Seiya: The Lost Canvas - Meiou Shinwa,Saint Seiya: The Lost Canvas,ova,13,finished_airing,manga,spring 2009,TMS Entertainment,Action;Adventure;Fantasy;Historical;Mythology;Shounen,pg_13,7.99,63598,734,2142,0,0,24-06-2009,NULL
5680,K-On!,K-ON!,tv,13,finished_airing,4_koma_manga,spring 2009,Kyoto Animation,CGDCT;Comedy;Music;School,pg_13,7.87,607230,958,154,0,0,03-04-2009,friday
6705,Tayutayu: Pure My Heart,NULL,special,6,finished_airing,visual_novel,spring 2009,SILVER LINK.,Comedy,pg_13,6.32,3097,8652,7580,0,0,25-06-2009,NULL
5386,Miyamoto Musashi: Souken ni Haseru Yume,Musashi: The Dream of the Last Samurai,movie,1,finished_airing,,spring 2009,Production I.G,Action;Historical;Martial Arts;Samurai,r,6.32,1937,8636,8145,0,0,13-06-2009,NULL
6481,Sugar Bunnies Fleur,NULL,tv,26,finished_airing,,spring 2009,Asahi Production,Kids,pg,6.01,162,10491,14929,0,0,07-04-2009,NULL
6688,Batain Lai!! Minami no Shima no Mizu Monogatari,NULL,movie,1,finished_airing,other,spring 2009,Mushi Production,Historical;Slice of Life,g,6.2,309,9315,14303,0,0,09-05-2009,NULL
5978,Kannagi: Moshimo Kannagi ga Attara...,NULL,special,1,finished_airing,manga,spring 2009,A-1 Pictures,Comedy;School;Shounen;Supernatural;Visual Arts,pg_13,7.04,19178,4444,4276,0,0,27-05-2009,NULL
6548,Tengen Toppa Gurren Lagann: Kirameki★Yoko Box - Pieces of Sweet Stars,Gurren Lagann: Kirameki★Yoko Box - Pieces of Sweet Stars,music,1,finished_airing,original,spring 2009,Gainax,Ecchi;Music,pg_13,7.11,17769,0,4448,0,0,27-05-2009,NULL
6793,"Kuroshitsuji: Sono Shitsuji, Kougyou",Black Butler Special,special,1,finished_airing,manga,summer 2009,A-1 Pictures,Historical;Mythology;Shounen;Supernatural,pg_13,7.51,61875,2054,2058,0,0,30-09-2009,NULL
7314,Yona Yona Penguin,NULL,movie,1,finished_airing,,summer 2009,Madhouse,Adventure;Fantasy;Kids,g,5.87,536,11271,13519,0,0,12-09-2009,NULL
18577,Noobow: Na Kokoro,NULL,ona,52,finished_airing,,summer 2009,NULL,Kids;Slice of Life,pg,5.86,131,11306,19456,0,0,03-08-2009,NULL
6062,Duel Masters Movie 2: Lunatic God Saga,NULL,movie,1,finished_airing,original,summer 2009,NULL,Action;Adventure;Comedy;Kids;Strategy Game,g,5.85,350,11336,14128,0,0,19-09-2009,NULL
6822,Ukkari Pénélope (2009),NULL,tv,26,finished_airing,picture_book,summer 2009,Nippon Animation,Anthropomorphic;Kids;Slice of Life,g,6.1,190,9968,16220,0,0,29-06-2009,NULL
42601,Opette,Opette,special,1,finished_airing,original,summer 2009,NULL,Avant Garde;Music,g,5.24,149,13689,20372,0,0,26-08-2009,NULL
8782,Hiyoko Gumo,NULL,music,1,finished_airing,original,summer 2009,Studio Placebo,Fantasy;Kids;Music,g,5.31,479,0,15386,0,0,01-08-2009,NULL
17213,Sore Ike! Anpanman: Dadandan to Futago no Hoshi,NULL,movie,1,finished_airing,,summer 2009,TMS Entertainment,Comedy;Kids,pg,6.12,180,9851,16517,0,0,04-07-2009,NULL
7759,Saki Picture Drama,NULL,special,7,finished_airing,manga,summer 2009,Gonzo,Seinen;Slice of Life,pg_13,6.17,1681,9542,9505,0,0,02-09-2009,NULL
6882,Hatsukoi Limited.: Gentei Shoujo,Hatsukoi Limited Shorts,special,6,finished_airing,manga,summer 2009,J.C.Staff,Comedy;Ecchi;School;Shounen,pg_13,6.64,9130,6632,5666,0,0,24-07-2009,NULL
6443,AIKa Zero,NULL,ova,3,finished_airing,original,summer 2009,Studio Fantasia,Action;Adventure;Comedy;Ecchi,r+,5.86,7879,11274,5138,0,0,06-07-2009,NULL
44739,Qi Tian Da Sheng Qianchuan,Prequel of the Monkey King,movie,1,finished_airing,novel,summer 2009,NULL,Adventure;Fantasy,g,0,23,19510,24933,0,0,29-09-2009,NULL
44667,Milu Wang,The King of Milu Deer,movie,1,finished_airing,original,summer 2009,NULL,Adventure;Fantasy,g,0,25,18559,25058,0,0,29-09-2009,NULL
44518,Wo Jiao MT,I'm MT,ona,10,finished_airing,game,summer 2009,NULL,Comedy;Fantasy,g,0,23,21286,25199,0,0,09-07-2009,NULL
44674,Kuaile Benpao,Happy Running,movie,1,finished_airing,original,summer 2009,NULL,Adventure;Fantasy;Kids;Sports,pg,0,19,17922,25228,0,0,21-08-2009,NULL
45941,Xiao Shu Ping Ping: Chengyu Dadian,NULL,tv,52,finished_airing,other,summer 2009,NULL,Kids,pg,0,19,21577,25078,0,0,NULL,NULL
44174,Xiao Niu Xiang Qian Chong,Go! Calf,tv,52,finished_airing,original,summer 2009,NULL,Anthropomorphic;Fantasy;Kids,pg,0,23,21553,23807,0,0,26-08-2009,NULL
55905,Asana Yuuna,NULL,music,1,finished_airing,original,summer 2009,NULL,Fantasy;Kids;Music,g,0,73,0,24312,0,0,01-08-2009,NULL
29003,Lena Lena,NULL,tv,13,finished_airing,picture_book,summer 2009,NULL,Slice of Life,g,0,42,18104,18701,0,0,04-07-2009,NULL
32776,Nagisa,NULL,music,1,finished_airing,music,fall 2009,NULL,Music,g,4.93,219,0,18881,0,0,27-12-2009,NULL
7468,Princess Lover! Picture Drama,NULL,special,6,finished_airing,visual_novel,fall 2009,GoHands,Comedy;Ecchi;Harem;School,r+,6.19,5913,9421,5844,0,0,23-10-2009,NULL
7568,Umineko no Naku Koro ni Specials,Umineko: When They Cry Specials,special,26,finished_airing,visual_novel,fall 2009,Studio Deen,Comedy;Parody,pg_13,6.28,5487,8923,5769,0,0,23-10-2009,NULL
3349,Kiddy GiRL-AND,Kiddy Girl-AND,tv,24,finished_airing,original,fall 2009,Satelight,Action;Comedy;Sci-Fi;Super Power,pg_13,6.81,6791,5598,5559,0,0,16-10-2009,friday
28385,Seto no Hanayome Picture Drama,NULL,special,1,finished_airing,manga,winter 2010,AIC,Comedy;Parody;Romance;School,pg_13,6.29,1040,8854,10228,0,0,03-03-2010,NULL
7591,Tono to Issho,NULL,ova,1,finished_airing,4_koma_manga,winter 2010,Gathering,Comedy;Historical;Parody;Samurai;Seinen,pg_13,6.49,1909,7607,10042,0,0,25-03-2010,NULL
8423,Ookiku Furikabutte: Natsu no Scorebook,Big Windup!,ova,2,finished_airing,manga,winter 2010,A-1 Pictures,Comedy;Sports;Team Sports,g,7.13,1235,3982,9874,0,0,24-03-2010,NULL
7597,"Boku, Otaryman.",NULL,ova,1,finished_airing,manga,winter 2010,Panda Factory;Studio PuYUKAI,Otaku Culture;Seinen;Slice of Life,pg_13,6.06,2400,10179,9645,0,0,29-01-2010,NULL
6951,Yu☆Gi☆Oh! Movie: Chou Yuugou! Toki wo Koeta Kizuna,Yu-Gi-Oh! 3D: Bonds Beyond Time,movie,1,finished_airing,manga,winter 2010,Gallop,Adventure;Shounen;Strategy Game;Time Travel,pg_13,7.15,32445,3896,3450,0,0,23-01-2010,NULL
8023,Toaru Kagaku no Railgun: Motto Marutto Railgun,A Certain Scientific Railgun Specials,special,2,finished_airing,manga,winter 2010,J.C.Staff,Comedy,pg_13,6.85,22587,5409,3558,0,0,29-01-2010,NULL
7645,Heartcatch Precure!,NULL,tv,49,finished_airing,original,winter 2010,Toei Animation,Action;Comedy;Mahou Shoujo,g,7.87,13958,951,4165,0,0,07-02-2010,sunday
8190,Nodame Cantabile Finale OVA,NULL,ova,1,finished_airing,manga,spring 2010,J.C.Staff,Adult Cast;Comedy;Josei;Performing Arts;Romance,pg_13,7.54,15948,1932,4526,0,0,26-04-2010,NULL
8599,Mayoi Neko Overrun! Specials,NULL,special,6,finished_airing,light_novel,spring 2010,AIC,Comedy;Ecchi,r+,6.65,8440,6586,5451,0,0,25-06-2010,NULL
8057,Shin Koihime†Musou: Otome Tairan,NULL,tv,12,finished_airing,visual_novel,spring 2010,Doga Kobo,Action;Adventure;Comedy;Ecchi;Historical;Martial Arts,r+,6.93,8605,4963,5210,0,0,26-03-2010,NULL
6408,"Bungaku Shoujo"" Movie""",NULL,movie,1,finished_airing,light_novel,spring 2010,Production I.G,Drama;Mystery;Romance;School,pg_13,7.31,28705,2930,2930,0,0,01-05-2010,NULL
8740,One Piece Film: Strong World Episode 0,NULL,ova,1,finished_airing,manga,spring 2010,Toei Animation,Adventure;Fantasy;Shounen,pg_13,7.91,51188,864,2498,0,0,16-04-2010,NULL
10104,Loups=Garous #Overture,NULL,ova,2,finished_airing,novel,summer 2010,Production I.G;Trans Arts,Mystery;Sci-Fi,pg_13,5.44,750,13127,12600,0,0,27-08-2010,NULL
6166,Asobi ni Iku yo!,Cat Planet Cuties,tv,12,finished_airing,light_novel,summer 2010,AIC PLUS+,Comedy;Ecchi;Harem;Romance;Sci-Fi,r+,6.56,95483,7112,1300,0,0,11-07-2010,sunday
9675,Kami nomi zo Shiru Sekai: Flag 0,The World God Only Knows: Flag 0,ova,1,finished_airing,manga,summer 2010,Manglobe,Comedy;Shounen;Supernatural,pg_13,6.87,33143,5270,2987,0,0,17-09-2010,NULL
10391,Kuragehime: Soreike! Amars Tankentai,"Princess Jellyfish: Go, Sisterhood Explorers!",special,6,finished_airing,manga,summer 2010,Brain's Base,Adventure;Comedy;Josei,pg_13,5.59,4084,12591,7088,0,0,12-08-2010,NULL
32813,2010,NULL,music,1,finished_airing,original,summer 2010,NULL,Music,g,4.82,772,0,14161,0,0,22-09-2010,NULL
38811,Copy,Copy,music,1,finished_airing,original,fall 2010,NULL,Music,g,4.91,168,0,21443,0,0,16-12-2010,NULL
10016,Kizuna Ichigeki,NULL,movie,1,finished_airing,original,winter 2011,Ascension,Combat Sports;Comedy;Sports,g,6.51,3662,7442,8502,0,0,05-03-2011,NULL
9253,Steins;Gate,Steins;Gate,tv,24,finished_airing,visual_novel,spring 2011,White Fox,Drama;Psychological;Sci-Fi;Suspense;Time Travel,pg_13,9.07,1508466,5,14,0,0,06-04-2011,wednesday
10294,Towa no Quon 1: Utakata no Kaben,Towanoquon: The Ephemeral Petals,movie,1,finished_airing,original,spring 2011,Bones,Action;Sci-Fi;Super Power,pg_13,7.26,27576,3240,2607,0,0,18-06-2011,NULL
9982,Fairy Tail OVA,NULL,ova,5,finished_airing,manga,spring 2011,Satelight;A-1 Pictures,Comedy;Ecchi;Fantasy;Shounen,pg_13,7.45,96992,2286,1581,0,0,15-04-2011,NULL
40709,Iiwake Love Song,NULL,music,1,finished_airing,original,spring 2011,NULL,Music,g,5.65,244,0,19221,0,0,10-04-2011,NULL
12661,Light Lag,NULL,music,1,finished_airing,original,summer 2011,Office DCI,Music,g,6.35,1018,0,13052,0,0,27-07-2011,NULL
11835,Qin Shi Mingyue: Zhu Zi Bai Jia,Qin's Moon: Hundred Schools of Thought,tv,34,finished_airing,novel,summer 2011,Sparkly Key Animation Studio,Action;Fantasy;Historical;Martial Arts,pg_13,6.89,408,5170,13138,0,0,10-06-2011,NULL
35920,Annyeong Jadoo,Hello Jadoo,tv,122,finished_airing,original,summer 2011,Atoonz,Comedy;Kids,pg,6.14,189,9694,16425,0,0,18-07-2011,other
13073,Tennis no Oujisama: Another Story II - Ano Toki no Bokura Specials,The Prince of Tennis OVA Another Story II Bonus,special,2,finished_airing,manga,summer 2011,M.S.C,Shounen;Sports,pg_13,7.09,1946,4216,9258,0,0,26-08-2011,NULL
9990,Midori-ko,Midori-ko,movie,1,finished_airing,original,summer 2011,NULL,Avant Garde;Drama,pg_13,5.92,1152,10969,9204,0,0,24-09-2011,NULL
38420,Minimini TV CM,NULL,cm,7,finished_airing,original,summer 2011,NULL,Slice of Life,g,0,101,0,20400,0,0,NULL,NULL
10808,Kidou Senshi Gundam AGE,Mobile Suit Gundam AGE,tv,49,finished_airing,original,fall 2011,Sunrise,Mecha;Sci-Fi;Space,pg_13,6.47,16404,7712,4259,0,0,09-10-2011,sunday
11615,Morita-san wa Mukuchi. 2,NULL,tv,13,finished_airing,4_koma_manga,fall 2011,Seven,School;Slice of Life,pg_13,6.63,7961,6707,6159,0,0,05-10-2011,wednesday
11457,Chibi☆Devi!,NULL,tv,75,finished_airing,manga,fall 2011,SynergySP,Childcare;Mythology;Shoujo;Slice of Life;Supernatural,pg,6.92,7959,4978,5134,0,0,10-10-2011,monday
10821,Suite Precure♪ Movie: Torimodose! Kokoro ga Tsunagu Kiseki no Melody♪,NULL,movie,1,finished_airing,original,fall 2011,Toei Animation,Mahou Shoujo,g,7,2885,4648,8331,0,0,29-10-2011,NULL
11385,Digimon Xros Wars: Toki wo Kakeru Shounen Hunter-tachi,Digimon Fusion,tv,25,finished_airing,original,fall 2011,Toei Animation,Action;Adventure;Comedy;Fantasy;Isekai,pg,6.42,14469,8006,4653,0,0,02-10-2011,sunday
12321,Thermae Romae,Thermae Romae,tv_special,3,finished_airing,manga,winter 2012,DLE,Adult Cast;Comedy;Historical;Seinen;Time Travel,pg_13,6.92,13397,5023,4706,0,0,13-01-2012,NULL
10218,Berserk: Ougon Jidai-hen I - Haou no Tamago,Berserk: The Golden Age Arc I - The Egg of the King,movie,1,finished_airing,manga,winter 2012,Studio 4°C,Action;Adventure;Drama;Fantasy;Gore;Horror;Military;Psychological;Seinen,r+,7.71,156968,1333,1131,0,0,04-02-2012,NULL
30909,Vivi,NULL,music,1,finished_airing,original,winter 2012,NULL,Adventure;Fantasy;Music;Romance,g,6.1,589,0,14892,0,0,15-03-2012,NULL
21997,Duel Masters Victory V,NULL,tv,51,finished_airing,original,spring 2012,Shogakukan Music & Digital Entertainment,Action;Adventure;Comedy;Fantasy;Kids,pg_13,5.82,364,11494,13745,0,0,07-04-2012,NULL
13159,Kuromajo-san ga Tooru!!,Here Comes the Black Witch!!,tv,60,finished_airing,novel,spring 2012,Shin-Ei Animation,Comedy;School;Supernatural,pg,6.57,3066,7068,6923,0,0,04-04-2012,NULL
12501,Ai Mai! Moe Can Change!,NULL,ova,1,finished_airing,game,spring 2012,Frontier Works,Comedy;Sci-Fi,pg_13,5.46,3791,13041,7953,0,0,25-05-2012,NULL
13333,Tari Tari,Tari Tari,tv,13,finished_airing,original,summer 2012,P.A. Works,Music;Performing Arts;School;Slice of Life,pg_13,7.28,59746,3124,1615,0,0,01-07-2012,sunday
9544,Biohazard: Damnation,Resident Evil: Damnation,movie,1,finished_airing,game,summer 2012,Digital Frontier,Action;Horror;Sci-Fi,r,7.09,18037,4181,4684,0,0,15-09-2012,NULL
41797,Kangaeru Jikan,NULL,movie,1,finished_airing,original,summer 2012,NULL,Avant Garde;Music,g,4.87,299,14249,17560,0,0,NULL,NULL
24633,LolitA☆Strawberry in Summer,NULL,music,1,finished_airing,,summer 2012,NULL,Music,g,5.17,286,0,17350,0,0,21-09-2012,NULL
30349,Mole Zhuang Yuan II: Hai Yao Bao Cang,Legend of the Moles: The Treasure of Scylla,movie,1,finished_airing,game,summer 2012,NULL,Adventure;Fantasy;Kids,pg,0,66,18699,21174,0,0,05-07-2012,NULL
44544,Lalala Demacia 2nd Season,NULL,ona,10,finished_airing,game,summer 2012,Transcendence Picture,Action;Fantasy,r,0,77,18032,21128,0,0,19-07-2012,NULL
48342,Kijeu CSI,NULL,tv,104,finished_airing,original,summer 2012,NULL,Adventure;Kids;Mystery,g,0,36,17733,20752,0,0,09-07-2012,NULL
51246,Sukkiri!! x Eiga Himitsu no Akko-chan,NULL,special,10,finished_airing,,summer 2012,Oddjob,Comedy;Workplace,pg_13,0,36,20578,22609,0,0,20-08-2012,NULL
14575,Minami-ke Omatase,NULL,ova,1,finished_airing,manga,fall 2012,feel.,CGDCT;Comedy;Seinen,pg_13,7.39,12884,2571,4863,0,0,05-10-2012,NULL
15959,Nurarihyon no Mago OVA,NULL,ova,2,finished_airing,manga,fall 2012,Studio Deen,Action;Mythology;Shounen;Supernatural,r+,7.68,10998,1440,4860,0,0,04-12-2012,NULL
14131,Girls & Panzer,Girls und Panzer,tv,12,finished_airing,original,fall 2012,Actas,Action;CGDCT;Military;School,pg_13,7.54,161485,1912,833,0,0,09-10-2012,tuesday
13663,To LOVE-Ru Darkness,To LOVE Ru Darkness,tv,12,finished_airing,manga,fall 2012,Xebec,Comedy;Ecchi;Harem;Romance;School;Sci-Fi;Shounen,r+,7.4,209971,2539,686,0,0,06-10-2012,saturday
18831,Rinkaku,NULL,music,1,finished_airing,original,fall 2012,NULL,Avant Garde;Horror;Music,pg_13,5.63,986,0,12832,0,0,16-10-2012,NULL
14237,Busou Shinki,Busou Shinki: Armored War Goddess,tv,12,finished_airing,other,fall 2012,8bit,Mecha;Sci-Fi;Slice of Life,pg_13,6.3,14418,8724,3999,0,0,05-10-2012,friday
18713,Haiyore! Nyaruko-san: Yasashii Teki no Shitome-kata,NULL,ova,1,finished_airing,light_novel,fall 2012,Xebec,Comedy;Parody;Sci-Fi,pg_13,7.09,16375,4186,4346,0,0,23-11-2012,NULL
16636,Kotoura-san: Haruka no Heya,NULL,ona,6,finished_airing,4_koma_manga,fall 2012,AIC Classic,Comedy;School,pg_13,6.27,10141,8957,4867,0,0,07-12-2012,NULL
15633,Code:Breaker OVA,NULL,ova,3,finished_airing,manga,fall 2012,Kinema Citrus,Action;Comedy;Ecchi;School;Shounen;Super Power,r,6.69,14068,6289,4347,0,0,17-12-2012,NULL
16694,Sankarea: Wagahai mo... Zombie de Aru...,"Sankarea: I, Too, Am... A Zombie...",special,1,finished_airing,manga,fall 2012,Studio Deen,Comedy;Ecchi;Horror;Love Polygon;Romance;Shounen;Supernatural,r+,7.19,52157,3652,2473,0,0,30-11-2012,NULL
14145,"Hanayaka Nari, Waga Ichizoku: Kinetograph",NULL,ova,2,finished_airing,visual_novel,fall 2012,Anpro;teamKG,Drama;Historical;Josei;Reverse Harem;Romance,pg_13,6.32,6558,8620,5861,0,0,02-12-2012,NULL
15609,"Kono Naka ni Hitori, Imouto ga Iru!: Ani, Imouto, Koibito",NULL,ova,1,finished_airing,light_novel,winter 2013,Studio Gokumi,Comedy;Ecchi;Harem;Romance;School,pg_13,6.68,24846,6381,3602,0,0,27-03-2013,NULL
14833,Maoyuu Maou Yuusha,Maoyu,tv,12,finished_airing,light_novel,winter 2013,Arms,Adventure;Fantasy;Romance,pg_13,7.22,234352,3462,478,0,0,05-01-2013,saturday
11743,Toaru Majutsu no Index Movie: Endymion no Kiseki,A Certain Magical Index the Movie: The Miracle of Endymion,movie,1,finished_airing,light_novel,winter 2013,J.C.Staff,Action;Fantasy;Sci-Fi;Super Power;Urban Fantasy,r,7.4,72006,2540,1857,0,0,23-02-2013,NULL
17901,All Alone With You,NULL,music,1,finished_airing,original,winter 2013,8bit,Fantasy;Music,g,7.2,10794,0,5530,0,0,06-03-2013,NULL
15795,Beast Saga,Beast Saga,tv,38,finished_airing,,winter 2013,SynergySP,Action;Kids;Sci-Fi;Shounen,pg,5.56,571,12700,12706,0,0,13-01-2013,sunday
34936,Sword of Phantasia,NULL,ona,1,finished_airing,game,winter 2013,NULL,Fantasy;Music;Strategy Game,g,5.62,217,12493,17427,0,0,11-03-2013,NULL
16319,Asako Get You!!,NULL,ova,2,finished_airing,4_koma_manga,winter 2013,SILVER LINK.,Comedy;Romance;School;Seinen,pg_13,5.67,2260,12239,9781,0,0,26-01-2013,NULL
16405,"Boku no Imouto wa Osaka Okan""""",NULL,tv,12,finished_airing,original,winter 2013,Charaction,Comedy;Gourmet,pg_13,5.73,9283,11948,5422,0,0,22-12-2012,NULL
17637,Miyakawa-ke no Kuufuku,The Miyakawa Family's Hunger,ona,10,finished_airing,manga,spring 2013,Ordet;Encourage Films,Slice of Life,pg_13,6.52,12593,7386,4853,0,0,29-04-2013,NULL
17875,Papa no Iukoto wo Kikinasai! OVA,NULL,ova,2,finished_airing,light_novel,spring 2013,feel.,Comedy;Romance,pg_13,7.31,23438,2964,3990,0,0,25-06-2013,NULL
17341,Yama no Susume: Kabe tte Kowakunai no?,NULL,special,1,finished_airing,manga,spring 2013,8bit,Adventure;CGDCT;Iyashikei;Slice of Life,pg_13,6.74,13187,6023,4989,0,0,24-05-2013,NULL
16035,Karneval (TV),Karneval,tv,13,finished_airing,manga,spring 2013,Manglobe,Action;Fantasy;Josei;Mystery;Sci-Fi,pg_13,7.07,92798,4296,1235,0,0,04-04-2013,NULL
17187,Koukaku Kidoutai Arise: Ghost in the Shell - Border:1 Ghost Pain,Ghost in the Shell: Arise - Border 1: Ghost Pain,movie,1,finished_airing,manga,spring 2013,Production I.G,Adult Cast;Detective;Mecha;Mystery;Psychological;Sci-Fi,r,7.42,31434,2418,2999,0,0,22-06-2013,NULL
15583,Date A Live,Date A Live,tv,12,finished_airing,light_novel,spring 2013,AIC PLUS+,Action;Fantasy;Harem;Romance;School;Sci-Fi;Urban Fantasy,r,7.14,620746,3908,158,0,0,06-04-2013,saturday
19287,Reunion (Music),NULL,music,1,finished_airing,light_novel,spring 2013,NULL,Music,g,5.66,1785,0,10551,0,0,17-04-2013,NULL
61542,Capybara Clay Anime,Capybara Clay Animation,ona,1,finished_airing,original,spring 2013,NULL,Kids,g,0,40,15505,26956,0,0,10-06-2013,NULL
44831,Sinbad Lixian Ji 2013,NULL,movie,1,finished_airing,other,spring 2013,NULL,Adventure;Fantasy;Kids,pg,0,22,20389,25947,0,0,31-05-2013,NULL
44838,Sheng Long Qibing Da Maoxian,NULL,movie,1,finished_airing,original,spring 2013,NULL,Adventure;Kids;Sports,pg,0,19,20083,25891,0,0,10-06-2013,NULL
56533,Otenki Pokojiro,Pokojiro's Weather Report,ona,3,finished_airing,original,spring 2013,Piso Studio,Comedy,pg,0,40,19205,25519,0,0,31-05-2013,NULL
54389,Short Pants,NULL,music,1,finished_airing,original,spring 2013,NULL,Music,pg_13,0,69,0,25244,0,0,14-06-2013,NULL
44830,Laoban de Nuren,NULL,ona,1,finished_airing,original,spring 2013,NULL,Comedy,r,0,31,18068,25607,0,0,25-04-2013,NULL
56611,Tan Tan Tan,NULL,music,1,finished_airing,original,spring 2013,NULL,Comedy;Gourmet;Kids;Music,g,0,31,0,25839,0,0,02-06-2013,NULL
43901,Xi Bai Po 2: Yingxiong Wang Er Xiao,NULL,movie,1,finished_airing,other,spring 2013,Shanghai Animation Film Studio,Historical;Kids,pg,0,20,21388,25733,0,0,28-04-2013,NULL
25619,Genki Genki Non-tan: Spoon Tan Tan Tan,NULL,ova,1,finished_airing,,spring 2013,Polygon Pictures,Kids;Music,g,0,56,16513,21254,0,0,24-04-2013,NULL
33501,Go Go Smile Anime,NULL,special,6,finished_airing,original,spring 2013,DLE,Comedy;Music,g,0,106,16550,20734,0,0,01-04-2013,NULL
30582,"That's Hanakappa Musical: Pan to Gohan, Docchi nano!?",NULL,movie,1,finished_airing,,spring 2013,NULL,Comedy;Kids;Music,g,0,66,20783,20663,0,0,12-04-2013,NULL
30362,Garon,NULL,movie,1,finished_airing,,spring 2013,NULL,Sci-Fi,g,0,81,16483,16074,0,0,27-04-2013,NULL
19671,Free!: FrFr - Short Movie,NULL,special,7,finished_airing,light_novel,summer 2013,Kyoto Animation;Animation Do,Comedy;Sports,pg_13,7.62,34763,1612,2814,0,0,11-09-2013,NULL
13117,Hakuouki Movie 1: Kyoto Ranbu,Hakuoki ~Demon of the Fleeting Blossom~ Wild Dance of Kyoto,movie,1,finished_airing,visual_novel,summer 2013,Studio Deen,Action;Drama;Historical;Josei;Samurai;Supernatural,pg_13,7.59,10140,1718,4534,0,0,24-08-2013,NULL
16866,Tonari no Kaibutsu-kun: Tonari no Gokudou-kun,My Little Monster OVA,ova,1,finished_airing,manga,summer 2013,Brain's Base,Comedy;Historical;Romance;Shoujo,pg_13,7.09,54159,4218,2209,0,0,12-08-2013,NULL
18857,Ore no Imouto ga Konnani Kawaii Wake ga Nai. Specials,OreImo 2 Specials,ona,3,finished_airing,light_novel,summer 2013,A-1 Pictures,Comedy;Otaku Culture;Romance,pg_13,6.3,94677,8764,1766,0,0,18-08-2013,NULL
16157,Choujigen Game Neptune The Animation,Hyperdimension Neptunia,tv,12,finished_airing,game,summer 2013,David Production,Action;Comedy;Fantasy;Parody;Sci-Fi,pg_13,6.89,63767,5143,1674,0,0,12-07-2013,friday
15605,Brothers Conflict,Brothers Conflict,tv,12,finished_airing,novel,summer 2013,Brain's Base,Reverse Harem;Romance,pg_13,5.87,104446,11222,1417,0,0,02-07-2013,tuesday
19889,Genshiken Nidaime Specials,NULL,special,4,finished_airing,manga,summer 2013,Production I.G,Adult Cast;Comedy;Otaku Culture;Parody;Seinen,r,6.66,3007,6498,7664,0,0,04-09-2013,NULL
18507,Free!,Free! - Iwatobi Swim Club,tv,12,finished_airing,original,summer 2013,Kyoto Animation;Animation Do,School;Sports,pg_13,7.32,460528,2883,258,0,0,04-07-2013,thursday
17677,Buki yo Saraba,A Farewell to Arms,movie,1,finished_airing,manga,summer 2013,Sunrise,Action;Drama;Sci-Fi,r,6.88,5062,5188,6236,0,0,20-07-2013,NULL
21607,Picotopia,NULL,pv,1,finished_airing,original,summer 2013,Mirai Film,Avant Garde;Fantasy;Music,g,5.09,896,0,13242,0,0,03-07-2013,NULL
33283,Nude Batter Tetsuo,NULL,ona,1,finished_airing,original,summer 2013,NULL,Comedy;Sports;Team Sports,r+,4.57,495,14528,15455,0,0,NULL,NULL
19811,Waanabi.jk,I wanna be!,pv,2,finished_airing,web_manga,summer 2013,Studio Deen,Comedy;School,pg_13,5.13,563,0,13578,0,0,29-07-2013,NULL
17395,Ark IX,Ark Nine,ova,1,finished_airing,novel,summer 2013,Hoods Entertainment,Action,pg_13,5.03,3985,14064,7450,0,0,02-07-2013,NULL
36613,Biju Tune!,Biju Tune!,music,0,currently_airing,original,summer 2013,NULL,Music,g,0,61,0,21104,0,0,11-08-2013,NULL
18295,Kakumeiki Valvrave 2nd Season,Valvrave the Liberator 2nd Season,tv,12,finished_airing,original,fall 2013,Sunrise,Mecha;Military;Sci-Fi;Space,r,7.25,54894,3277,2393,0,0,10-10-2013,NULL
17549,Non Non Biyori,Non Non Biyori,tv,12,finished_airing,manga,fall 2013,SILVER LINK.,CGDCT;Iyashikei;School;Seinen;Slice of Life,pg_13,7.94,185005,812,575,0,0,08-10-2013,tuesday
39018,"Right Places: Sono Toki, Boku no Irubeki Basho",Right Places,ona,1,finished_airing,original,fall 2013,NULL,Supernatural,g,5.65,613,12375,14369,0,0,25-10-2013,NULL
32860,Wonderland,NULL,music,2,finished_airing,music,fall 2013,NULL,Music,g,5.3,150,0,20912,0,0,21-10-2013,NULL
25293,Futago no Mahoutsukai Lico to Gli,The Wizard of twins LICO & GLI,ona,4,finished_airing,original,fall 2013,NULL,Music,g,5.35,230,13403,15767,0,0,04-11-2013,NULL
21241,Kyoukai no Kanata: Idol Saiban! Mayoi Nagara mo Kimi wo Sabaku Tami,Beyond the Boundary: Idol Trial!,ona,5,finished_airing,light_novel,fall 2013,Kyoto Animation,Comedy,pg_13,6.54,18249,7261,4070,0,0,18-11-2013,NULL
21027,Saibi,The Fake,movie,1,finished_airing,original,fall 2013,NULL,Drama;Psychological;Suspense,r,6.62,1360,6781,9389,0,0,21-11-2013,NULL
23885,Momon's Sand Witch Episode 0,NULL,ona,1,finished_airing,original,winter 2014,NULL,Comedy;Kids,g,5.71,119,12070,19342,0,0,02-03-2014,NULL
41033,Umiyuri Kaiteitan,Tale of the Deep-sea Lily,music,1,finished_airing,original,winter 2014,NULL,Music,pg_13,6.09,308,0,17643,0,0,24-02-2014,NULL
27459,Porong Porong Pororo 5,Pororo the Little Penguin 5,tv,26,finished_airing,,winter 2014,NULL,Kids;Racing,g,5.7,211,12130,17267,0,0,24-02-2014,NULL
40139,Konohakaseki no Natsu,Summer of Fossil Leaves,movie,1,finished_airing,original,winter 2014,NULL,Drama,g,6.21,287,9272,16840,0,0,16-01-2014,NULL
19157,Youkai Watch,Yo-kai Watch,tv,214,finished_airing,game,winter 2014,OLM,Comedy;Kids;Mythology;Supernatural,g,6.77,17845,5861,4107,0,0,08-01-2014,friday
20541,Mikakunin de Shinkoukei,Engaged to the Unidentified,tv,12,finished_airing,4_koma_manga,winter 2014,Doga Kobo,Comedy;Romance;School;Supernatural,pg_13,7.36,191863,2695,642,0,0,09-01-2014,thursday
19023,"Wake Up, Girls!","Wake Up, Girls!",tv,12,finished_airing,original,winter 2014,Tatsunoko Production;Ordet,Drama;Idols (Female);Music,pg_13,6.98,20195,4738,3302,0,0,11-01-2014,saturday
23285,Paulette no Isu,Paulette's Chair,ona,1,finished_airing,original,winter 2014,Studio Colorido,Kids;Slice of Life,g,6.97,7073,4769,6780,0,0,21-03-2014,NULL
20843,Senki Zesshou Symphogear G: Senki Zesshou Shinai Symphogear,NULL,special,2,finished_airing,original,winter 2014,Satelight,Comedy;Idols (Female),pg_13,6.88,4627,5236,6722,0,0,05-02-2014,NULL
19645,Doraemon Movie 34: Shin Nobita no Daimakyou - Peko to 5-nin no Tankentai,Doraemon the Movie: Nobita in the New Haunts of Evil -Peko and the Five Explorers-,movie,1,finished_airing,,winter 2014,Shin-Ei Animation,Adventure;Comedy;Fantasy;Kids,pg,7.52,7834,2004,6704,0,0,08-03-2014,NULL
21189,"Wake Up, Girls! Shichinin no Idol","Wake Up, Girls! The Movie",movie,1,finished_airing,original,winter 2014,Tatsunoko Production;Ordet,Drama;Idols (Female);Music,pg_13,7.15,13225,3893,4940,0,0,10-01-2014,NULL
22757,X Maiden,NULL,ona,8,finished_airing,game,winter 2014,NULL,Comedy;School,pg_13,5.63,216,12465,14252,0,0,28-02-2014,NULL
24821,Isshuukan Friends. Specials,NULL,special,12,finished_airing,4_koma_manga,spring 2014,Brain's Base,School;Slice of Life,pg_13,6.81,9312,5592,5238,0,0,18-06-2014,NULL
21835,Majin Bone,NULL,tv,52,finished_airing,game,spring 2014,Toei Animation,Strategy Game,pg_13,6.64,3946,6650,7100,0,0,01-04-2014,NULL
24169,Meitantei Conan: Toubousha Mouri Kogorou,Detective Conan: The Fugitive Kogorou Mouri,ona,1,finished_airing,manga,spring 2014,TMS Entertainment,Comedy;Mystery,pg_13,6.95,3317,4859,7867,0,0,30-04-2014,NULL
24823,Days (Music),NULL,music,1,finished_airing,mixed_media,spring 2014,NULL,Music,g,6.66,3361,0,8278,0,0,13-06-2014,NULL
21603,Mekakucity Actors,Mekakucity Actors,tv,12,finished_airing,mixed_media,spring 2014,Shaft,Drama;Mystery;Sci-Fi;Super Power,pg_13,7.01,209832,4588,564,0,0,13-04-2014,sunday
35858,Kura Sushi,NULL,ona,2,finished_airing,original,spring 2014,NULL,Slice of Life,g,5.72,217,12017,18339,0,0,27-04-2014,NULL
36573,dwarf Movie Lab,NULL,ona,13,finished_airing,other,spring 2014,dwarf,Kids,g,5.41,150,13216,19869,0,0,02-05-2014,NULL
29822,Channel 5.5 2nd Season,NULL,ona,4,finished_airing,,spring 2014,DLE,Comedy;Parody,pg_13,4.91,332,14200,14716,0,0,14-04-2014,NULL
25011,Fate/kaleid liner Prisma☆Illya 2wei! Specials,Fate/Kaleid Liner Prisma Illya 2Wei! Shorts,special,5,finished_airing,manga,summer 2014,SILVER LINK.,Comedy;Ecchi;Mahou Shoujo,pg_13,6.8,22435,5640,3662,0,0,26-09-2014,NULL
22537,Yami Shibai 2,Theatre of Darkness: Yamishibai 2,tv,13,finished_airing,original,summer 2014,ILCA,Avant Garde;Horror;Supernatural,pg_13,6.5,29903,7545,3465,0,0,07-07-2014,NULL
23325,Shirogane no Ishi: Argevollen,Argevollen,tv,24,finished_airing,original,summer 2014,Xebec,Mecha;Military;Sci-Fi,r,6.48,18996,7665,3739,0,0,03-07-2014,thursday
25897,Love Live! School Idol Project: μ's →NEXT LoveLive! 2014 - Endless Parade Makuai Drama,NULL,special,3,finished_airing,other,summer 2014,Sunrise,Comedy;Idols (Female),pg_13,6.74,4564,5997,6435,0,0,23-07-2014,NULL
24171,Mushibugyou OVA,NULL,ova,3,finished_airing,manga,summer 2014,Seven Arcs Pictures,Action;Ecchi;Fantasy;Historical;Martial Arts;Samurai;Shounen,pg_13,7,3629,4634,7463,0,0,18-07-2014,NULL
23849,Pokemon XY: Sora no Hahen,NULL,movie,1,finished_airing,,summer 2014,OLM,Adventure;Fantasy;Kids,pg,6.83,2966,5513,7511,0,0,12-07-2014,NULL
29823,Channel 5.5 3rd Season,NULL,ona,4,finished_airing,,summer 2014,DLE,Comedy;Parody,pg_13,5.49,267,12951,14779,0,0,31-07-2014,NULL
38765,Parallel,Parallel,music,1,finished_airing,original,summer 2014,NULL,Music;Strategy Game,g,4.67,185,0,20116,0,0,04-08-2014,NULL
52390,Kotowaza Gundam-san,NULL,tv,13,finished_airing,manga,summer 2014,NULL,Comedy;Mecha;Parody,pg_13,5.65,123,12361,17715,0,0,08-07-2014,tuesday
30094,Majin Sentai Death Ranger: Ubawareta Pudding!,NULL,ona,1,finished_airing,original,summer 2014,Studio Binzo,Action;Comedy,g,4.52,202,14558,18379,0,0,18-09-2014,NULL
30093,Ball yo Doko e Yuku,NULL,ona,1,finished_airing,original,summer 2014,Studio Binzo,Comedy,g,4.58,262,14520,17777,0,0,11-09-2014,NULL
34699,Sukui Agete Kurenai ka,NULL,ona,1,finished_airing,original,summer 2014,NULL,Slice of Life,g,4.96,159,14155,19460,0,0,26-07-2014,NULL
39179,In the Sea and near a Girl.,In the sea and near a girl.,ona,1,finished_airing,original,summer 2014,NULL,Avant Garde;Music,g,5.51,278,12895,17631,0,0,19-08-2014,NULL
25991,Bishoujo Mobage: Mobami-chan,NULL,pv,1,finished_airing,game,summer 2014,Trigger,Music;Video Game,pg_13,5.41,1276,0,11273,0,0,14-08-2014,NULL
23151,Shounen Hollywood: Holly Stage for 49,NULL,tv,13,finished_airing,mixed_media,summer 2014,Zexcs,Drama;Idols (Male);Music,pg_13,6.07,5147,10158,5890,0,0,06-07-2014,NULL
29910,Qin Shi Mingyue 3D Movie: Longteng Wanli,The Legend of Qin 3D Ancient Dragon Spirit,movie,1,finished_airing,novel,summer 2014,Sparkly Key Animation Studio,Action;Fantasy;Historical;Martial Arts,pg_13,6.26,262,9029,13943,0,0,08-08-2014,NULL
23375,Minarai Diva,NULL,tv,10,finished_airing,original,summer 2014,Yaoyorozu,Idols (Female);Music,g,5.17,345,13843,12284,0,0,14-07-2014,NULL
24817,Fantasista Stella,NULL,ova,3,finished_airing,manga,summer 2014,Xebec,Shounen;Sports;Team Sports,pg_13,5.99,645,10559,12793,0,0,18-09-2014,NULL
33225,Kidou Senshi Gundam-san (ONA),Mobile Suit Gundam-san (ONA),ona,15,finished_airing,4_koma_manga,summer 2014,NULL,Comedy;Mecha;Parody,pg_13,6.11,615,9881,12559,0,0,17-09-2014,NULL
25915,Sakura Capsule,NULL,ova,1,finished_airing,original,summer 2014,Lerche,Kids;Slice of Life,g,6.02,559,10436,12778,0,0,29-08-2014,NULL
54193,Joseito (Movie),School Girl (Movie),movie,1,finished_airing,book,summer 2014,NULL,Drama,NULL,0,61,17456,21226,0,0,20-09-2014,NULL
28723,Aikatsu!: Dai Starmiya Ichigo Matsuri Zenyasai!!,NULL,special,1,finished_airing,original,fall 2014,Sunrise,Idols (Female);Music;School,pg,6.7,575,6219,12446,0,0,24-11-2014,NULL
23725,Strike Witches: Operation Victory Arrow,NULL,ova,3,finished_airing,original,fall 2014,SILVER LINK.,Action;Ecchi;Military;Sci-Fi,r+,7.31,11103,2973,4798,0,0,12-12-2014,NULL
21867,Edogawa Conan Shissou Jiken: Shijou Saiaku no Futsukakan,The Disappearance of Conan Edogawa: The Worst Two Days in History,tv_special,1,finished_airing,manga,fall 2014,TMS Entertainment,Adventure;Comedy;Detective;Mystery;Shounen,pg_13,7.76,7045,1207,6138,0,0,26-12-2014,NULL
25341,Diamond no Ace OVA,Ace of Diamond OVA,ova,3,finished_airing,manga,fall 2014,Production I.G;Madhouse,School;Shounen;Sports;Team Sports,pg_13,7.58,8425,1750,5637,0,0,17-11-2014,NULL
39252,Spunky Afro Tiger Jet,Spunky Afro Tiger Jet,music,1,finished_airing,original,fall 2014,NULL,Ecchi;Music,r,5.79,356,0,16458,0,0,03-10-2014,NULL
27687,Oshiri Kajiri Mushi (TV) 3rd Season,Bottom Biting Bug 3,tv,10,finished_airing,music,fall 2014,Kinema Citrus,Comedy;Kids,g,5.11,309,13947,15890,0,0,06-10-2014,monday
23459,Sekai Seifuku: Bouryaku no Zvezda - Shin Zvezda Daisakusen,World Conquest Zvezda Plot: Operation New Zvezda,special,1,finished_airing,original,fall 2014,A-1 Pictures,Action;Comedy;Fantasy,pg_13,6.7,9381,6264,5329,0,0,15-10-2014,NULL
28063,Sword Art Online II: Sword Art Offline II,Sword Art Offline II,special,9,finished_airing,light_novel,fall 2014,I was a Ballerina,Comedy,pg_13,6.62,27023,6789,3017,0,0,22-10-2014,NULL
25839,Bonjour♪Koiaji Pâtisserie,Bonjour♪Sweet Love Patisserie,ona,24,finished_airing,game,fall 2014,SILVER LINK.;Connect,Gourmet;Reverse Harem;Romance;School,pg_13,6.09,29700,9983,3120,0,0,10-10-2014,NULL
29419,Pokemon XY: New Year's Eve 2014 Super Mega Special,NULL,tv_special,1,finished_airing,game,fall 2014,OLM,Action;Adventure;Comedy;Fantasy;Kids,pg,6.38,1698,8283,9665,0,0,31-12-2014,NULL
25833,Zephyr,NULL,special,1,finished_airing,,fall 2014,Satelight,Drama;Music,pg_13,5.87,333,11272,11550,0,0,11-10-2014,NULL
22295,Juuza Engi: Engetsu Sangokuden - Gaiden Youzhou Genya,NULL,ova,1,finished_airing,visual_novel,fall 2014,Anpro;teamKG,Fantasy;Historical;Josei;Reverse Harem;Romance,pg_13,5.57,1617,12677,9118,0,0,28-11-2014,NULL
38773,Buggy Map,BUGGY MAP,special,2,finished_airing,original,fall 2014,NULL,Avant Garde,g,4.44,261,14595,18373,0,0,09-12-2014,NULL
35707,Anime Mitai na,NULL,music,1,finished_airing,original,fall 2014,NAZ,Avant Garde;Music,pg,4.73,444,0,15460,0,0,09-12-2014,NULL
55807,Oh My God,NULL,music,1,finished_airing,original,fall 2014,NULL,Music;Workplace,g,0,86,0,24230,0,0,12-11-2014,NULL
54723,gdgd Fairies Movie Specials,NULL,special,2,finished_airing,original,fall 2014,NULL,Comedy;Fantasy,pg,0,52,16487,22809,0,0,19-11-2014,NULL
49017,Konna Watashitachi ga Nariyuki de Heroine ni Natta Kekka www (TV) Specials,NULL,special,3,finished_airing,original,fall 2014,NULL,Comedy,pg,0,33,17869,24394,0,0,17-12-2014,NULL
48238,Pororo Movie: Nun-yojeong Ma-eul Daemoheom,Pororo The Movie: Snow Fairy Adventure,movie,1,finished_airing,,fall 2014,Ocon Studio,Adventure;Fantasy;Kids,pg,0,32,19428,24198,0,0,11-12-2014,NULL
48325,G Fighters,NULL,tv,26,finished_airing,original,fall 2014,NULL,Action;Kids;Sci-Fi,pg,0,41,16428,23017,0,0,01-09-2014,NULL
46910,Hong Ling Jin Yu Wang Xiaoming,NULL,ona,1,finished_airing,original,fall 2014,NULL,Drama;School,g,0,30,16970,25600,0,0,26-12-2014,NULL
56278,Hello Carbot Specials: Pentastorm,NULL,special,4,finished_airing,original,fall 2014,NULL,Kids;Mecha,pg,0,22,16870,25411,0,0,08-12-2014,NULL
44875,Shen Jian Chuanqi,NULL,movie,1,finished_airing,,fall 2014,NULL,Adventure;Fantasy;Kids,pg,0,20,20066,25773,0,0,24-10-2014,NULL
56168,Yotsukado no Melody,NULL,music,1,finished_airing,original,fall 2014,Three-d,Kids;Music,g,0,52,0,25796,0,0,01-12-2014,NULL
46914,Chifan Shuijiao Da Dou Dou,NULL,ona,21,finished_airing,original,fall 2014,NULL,Anthropomorphic;Comedy,pg_13,0,28,15644,26088,0,0,18-11-2014,NULL
53082,Kiiroi Kikyu to Banno Sensei,See ya Mr. Banno!,movie,1,finished_airing,original,fall 2014,NULL,Avant Garde,pg_13,0,92,17732,22670,0,0,16-10-2014,NULL
46903,Yingxiong Fengzicai,General Feng,tv,10,finished_airing,,fall 2014,NULL,Kids,pg,0,17,22032,26020,0,0,02-11-2014,NULL
48311,Iyab! Space Jungle,Space Jungle,tv,52,finished_airing,original,fall 2014,Oyster,Anthropomorphic;Comedy;Kids,pg,0,27,17244,25095,0,0,05-09-2014,NULL
26163,Ganbare! Lulu Lolo 2nd Season,TINY★TWIN★BEARS 2nd Season,tv,26,finished_airing,picture_book,fall 2014,Fanworks,Kids;Slice of Life,pg,0,81,16458,19276,0,0,25-09-2014,thursday
27417,Diabolik Lovers OVA,NULL,ova,1,finished_airing,visual_novel,winter 2015,Zexcs,Drama;Josei;Reverse Harem;School;Supernatural;Vampire,pg_13,5.7,19203,12102,3936,0,0,26-02-2015,NULL
30092,Wakie Wakie,NULL,music,1,finished_airing,,winter 2015,Studio Binzo,Music,g,4.4,461,0,16185,0,0,09-01-2015,NULL
30438,MILPOM★ Pilot,NULL,ona,1,finished_airing,original,winter 2015,Bandai Namco Pictures,Comedy,pg_13,3.89,694,14705,14121,0,0,20-03-2015,NULL
25393,Master of Torque 2,NULL,ona,1,finished_airing,original,winter 2015,Shimogumi,Action;Sci-Fi,g,4.73,443,14397,14815,0,0,27-03-2015,NULL
52842,Guanzhao,Behind the Schoolbag,movie,1,finished_airing,original,winter 2015,NULL,Drama;Psychological,r,0,60,16636,23666,0,0,10-03-2015,NULL
31145,Code Geass: Boukoku no Akito 3 - Kagayaku Mono Ten yori Otsu Picture Drama,Code Geass: Akito the Exiled - The Brightness Falls Picture Drama,special,1,finished_airing,original,spring 2015,Sunrise,Comedy;Military,pg_13,6.71,3635,6157,6559,0,0,26-06-2015,NULL
30030,Jewelpet Magical Change,NULL,tv,39,finished_airing,original,spring 2015,Studio Deen,Anthropomorphic;Comedy;Mahou Shoujo,pg,6.69,1281,6309,10148,0,0,04-04-2015,saturday
53957,Doraemon: Uchuu Fushigi Daitanken Planetarium 2 - Taiyoukei no Himitsu,NULL,movie,1,finished_airing,manga,spring 2015,NULL,Adventure;Comedy;Kids;Sci-Fi;Space,pg,6.52,109,7361,16339,0,0,30-05-2015,NULL
30410,Gon 2nd Season,NULL,tv,26,finished_airing,manga,spring 2015,Daewon Media,Action;Adventure;Kids,g,6.07,327,10133,15529,0,0,04-04-2015,saturday
35585,Stella-Rium,NULL,music,1,finished_airing,original,spring 2015,NULL,Music,g,6.81,701,0,13850,0,0,19-05-2015,NULL
30039,Future Card Buddyfight Hundred,Future Card Buddyfight Hundred,tv,50,finished_airing,card_game,spring 2015,Xebec;OLM,Strategy Game,pg,6.73,3548,6035,8151,0,0,11-04-2015,saturday
30771,Mudai,NULL,music,1,finished_airing,original,spring 2015,NULL,Drama;Music;Romance;Visual Arts,pg_13,7.08,3176,0,9159,0,0,07-05-2015,NULL
28677,Yamada-kun to 7-nin no Majo,Yamada-kun and the Seven Witches,tv,12,finished_airing,manga,spring 2015,LIDENFILMS,Comedy;Harem;Mystery;Romance;School;Shounen;Supernatural,pg_13,7.52,475391,2032,253,0,0,12-04-2015,sunday
31639,Mr. Shape: High Touch Taisou,NULL,ona,1,finished_airing,original,spring 2015,NULL,Kids;Music,g,5.29,139,13568,20297,0,0,11-05-2015,NULL
30781,Matsubara-kun,NULL,ona,5,finished_airing,original,spring 2015,NULL,Comedy,g,5.53,129,12814,20159,0,0,18-05-2015,NULL
34858,Toward Morning,Toward Morning,music,1,finished_airing,original,spring 2015,NULL,Music,g,5.6,172,0,20391,0,0,25-04-2015,NULL
31137,Mahou Shoujo Lyrical Nanoha ViVid: Special Program,NULL,tv_special,1,finished_airing,manga,spring 2015,A-1 Pictures,Action;Mahou Shoujo;Martial Arts,pg_13,6.11,964,9888,10724,0,0,26-06-2015,NULL
31064,Gunslinger Stratos The Animation: Kikan/Kaze no Yukue,NULL,ona,1,finished_airing,game,spring 2015,A-1 Pictures,Action;Sci-Fi,pg_13,5.96,942,10723,10715,0,0,20-06-2015,NULL
44815,Duo Bao Xingyun Xing Da Dianying: Jin Gu Bang Chuanqi 2 - Sha Seng De Ni Xi,NULL,movie,1,finished_airing,novel,spring 2015,NULL,Fantasy;Historical;Kids,pg,0,23,16196,26836,0,0,29-05-2015,NULL
52566,XYZ Note,NULL,music,1,finished_airing,original,spring 2015,studio YOG,Avant Garde;Music,g,0,95,0,23060,0,0,20-05-2015,NULL
54515,Twigyeo,ProMeTheUs,music,1,finished_airing,original,spring 2015,NULL,Music,pg_13,0,70,0,25297,0,0,05-06-2015,NULL
30845,Aikatsu! Music Award: Minna de Shou wo MoracchaimaShow!,NULL,movie,1,finished_airing,original,summer 2015,Bandai Namco Pictures,Idols (Female);Music,pg,7.01,1454,4563,10158,0,0,22-08-2015,NULL
31289,One Piece: Episode of Sabo - 3 Kyoudai no Kizuna Kiseki no Saikai to Uketsugareru Ishi,"One Piece: Episode of Sabo - Bond of Three Brothers, A Miraculous Reunion and an Inherited Will",tv_special,1,finished_airing,manga,summer 2015,Toei Animation,Action;Adventure;Fantasy;Shounen,pg_13,7.7,23026,1381,3791,0,0,22-08-2015,NULL
30123,Akagami no Shirayuki-hime,Snow White with the Red Hair,tv,12,finished_airing,manga,summer 2015,Bones,Drama;Medical;Romance;Shoujo,pg_13,7.76,358851,1201,313,0,0,07-07-2015,tuesday
32144,Toshi Souzou Gakubu Shoukai,NULL,pv,2,finished_airing,original,summer 2015,NULL,Slice of Life,g,5.49,163,0,17484,0,0,15-09-2015,NULL
32446,MONSTER GENERATiON,NULL,music,1,finished_airing,game,summer 2015,NAZ,Idols (Male);Music,g,6.65,1523,0,10934,0,0,23-07-2015,NULL
30803,"Planetarium Chibi Maruko-chan, Hoshi ni Negai wo",NULL,movie,1,finished_airing,manga,summer 2015,Nippon Animation,Comedy;Kids;School,g,6.4,130,8170,16878,0,0,18-07-2015,NULL
25283,Kuusen Madoushi Kouhosei no Kyoukan,Sky Wizards Academy,tv,12,finished_airing,light_novel,summer 2015,Diomedéa,Action;Drama;Fantasy;School,pg_13,6.3,132447,8750,1023,0,0,09-07-2015,thursday
29163,Sore ga Seiyuu!,Seiyu's Life!,tv,13,finished_airing,web_manga,summer 2015,Gonzo,Comedy;Showbiz;Workplace,pg_13,7.04,19763,4467,3290,0,0,07-07-2015,tuesday
34116,Inochi,NULL,music,1,finished_airing,original,summer 2015,NULL,Drama;Music,g,5.5,137,0,21257,0,0,05-09-2015,NULL
30743,Kanadian Families: Episode Zero,NULL,ova,1,finished_airing,original,summer 2015,NULL,Comedy,g,5.47,211,13019,16394,0,0,10-07-2015,NULL
32854,Fr/day Night,NULL,music,1,finished_airing,original,summer 2015,NULL,Comedy;Music,pg_13,5.39,402,0,16443,0,0,09-07-2015,NULL
33570,Zenryoku Yobikou 5.5 Seminar Prologue,NULL,ona,1,finished_airing,other,summer 2015,NULL,Comedy;Parody;School,pg_13,5.33,157,13476,19193,0,0,20-07-2015,NULL
36091,Ghana,Ghana,music,1,finished_airing,original,summer 2015,INS Studio,Music,g,5.38,185,0,20247,0,0,06-07-2015,NULL
31662,Bary-san x Gospe Rats: Tonde Bary Bary Monogatari,NULL,music,1,finished_airing,,summer 2015,Kachidoki Studio,Music,g,5.33,149,0,20288,0,0,01-09-2015,NULL
40159,The Ghost of Cartoon,NULL,pv,1,finished_airing,original,summer 2015,INS Studio,Avant Garde;Music,g,5.06,207,0,18900,0,0,24-09-2015,NULL
31807,Sugio: Mori de Koi wo Shite,NULL,ona,3,finished_airing,original,summer 2015,DLE,Comedy,g,5.41,251,13238,17353,0,0,27-09-2015,NULL
30947,Kurayami Santa,NULL,tv,13,finished_airing,original,summer 2015,ILCA,Historical;Supernatural,pg_13,5.17,1258,13839,10976,0,0,05-07-2015,sunday
60165,Sound of Music,NULL,music,1,finished_airing,original,summer 2015,MARK,Avant Garde;Music,pg_13,0,52,0,26390,0,0,28-07-2015,NULL
30415,High☆Speed! Movie: Free! Starting Days,Free! Starting Days,movie,1,finished_airing,light_novel,fall 2015,Kyoto Animation,Drama;School;Sports,pg_13,7.85,45718,996,2379,0,0,05-12-2015,NULL
31051,Kuroko no Basket: Saikou no Present desu,Kuroko’s Basketball: It is the Best Present,special,1,finished_airing,manga,fall 2015,Production I.G,School;Shounen;Sports;Team Sports,pg_13,8.09,61668,585,2129,0,0,24-12-2015,NULL
31202,Chibi Maruko-chan Movie: Italia kara Kita Shounen,NULL,movie,1,finished_airing,manga,fall 2015,Nippon Animation,Comedy;School;Shoujo,g,6.72,425,6095,14445,0,0,23-12-2015,NULL
31374,Shingeki! Kyojin Chuugakkou,Attack on Titan: Junior High,tv,12,finished_airing,manga,fall 2015,Production I.G,Comedy;Parody;School;Shounen,pg_13,7.22,157634,3473,973,0,0,04-10-2015,sunday
33523,Boku wa Koko de Ikiteiku,NULL,music,1,finished_airing,music,fall 2015,Echoes,Kids;Music,g,5.96,183,0,19452,0,0,01-12-2015,NULL
37610,Nemurihime,Sleeping Beauty,music,1,finished_airing,original,fall 2015,NULL,Music,g,5.59,180,0,20069,0,0,04-10-2015,NULL
29976,Dance with Devils,Dance with Devils,tv,12,finished_airing,mixed_media,fall 2015,Brain's Base,Mythology;Reverse Harem;Romance;School;Supernatural;Vampire,r,6.18,61932,9453,1898,0,0,07-10-2015,wednesday
34472,Geki Drive,Geki Drive,ona,1,finished_airing,other,fall 2015,NULL,Action;Racing,g,4.97,182,14142,19057,0,0,20-10-2015,NULL
33698,IRoid: Koi no Yuukou Frontier,NULL,cm,1,finished_airing,game,fall 2015,Shaft,Strategy Game,g,4.99,266,0,17551,0,0,14-12-2015,NULL
32058,Four Seasons: Fuuka to Nanami,Four Seasons: Fuuka and Nanami,ona,1,finished_airing,original,fall 2015,Shimogumi,Racing,g,4.83,607,14295,12783,0,0,30-10-2015,NULL
31578,JK Meshi!,JK-MESHI!,tv,26,finished_airing,original,fall 2015,Kyotoma;Office Nobu,CGDCT;Comedy;Gourmet,pg_13,4.63,4921,14483,6506,0,0,06-10-2015,tuesday
47130,Bai Xiang Zheme Duo,NULL,ona,30,finished_airing,original,fall 2015,NULL,Comedy;Kids,pg,0,20,15111,26547,0,0,29-10-2015,NULL
52753,Faqiu Xian,Free Throw Line,ona,1,finished_airing,original,fall 2015,NULL,Sports,g,0,61,16288,23664,0,0,25-10-2015,NULL
47074,Todag Todag Kkomo,Pat a Pat Como,tv,18,finished_airing,original,fall 2015,NULL,Comedy;Kids,pg,0,21,20897,25622,0,0,17-11-2015,NULL
44914,Shengdan Da Yingjia,NULL,movie,1,finished_airing,original,fall 2015,NULL,Adventure;Anthropomorphic;Fantasy;Kids,pg,0,22,20085,26520,0,0,12-12-2015,NULL
44448,Dou Long Zhanshi Waizhuan,NULL,special,3,finished_airing,original,fall 2015,NULL,Kids;Mecha;Sci-Fi,pg,0,23,16131,25277,0,0,NULL,NULL
31903,Isobe Isobee Monogatari: Ukiyo wa Tsurai yo (2015),NULL,ona,33,finished_airing,manga,fall 2015,Gathering,Comedy;Gag Humor;Historical;Shounen,pg_13,0,122,17231,16117,0,0,12-12-2015,NULL
32823,Long Zai Na Li?,Where's the Dragon?,movie,1,finished_airing,original,fall 2015,NULL,Adventure;Comedy,pg,0,54,18194,21073,0,0,23-10-2015,NULL
31711,To LOVE-Ru Darkness 2nd Specials,To LOVE Ru Darkness 2 Specials,special,2,finished_airing,manga,winter 2016,Xebec,Comedy;Ecchi;Harem;Romance;School;Sci-Fi;Shounen,r+,7.53,53521,1994,2290,0,0,26-02-2016,NULL
31043,Boku dake ga Inai Machi,Erased,tv,12,finished_airing,manga,winter 2016,A-1 Pictures,Mystery;Psychological;Seinen;Suspense;Time Travel,r,8.3,1469100,310,29,0,0,08-01-2016,friday
31919,PriPara Movie: Mi~nna no Akogare♪ Let's Go☆Prix Paris,NULL,movie,1,finished_airing,game,winter 2016,Tatsunoko Production,Idols (Female);Music;School;Slice of Life,pg,7.27,1029,3172,11318,0,0,12-03-2016,NULL
32491,Kanojo to Kanojo no Neko: Everything Flows,She and Her Cat: Everything Flows,tv,4,finished_airing,original,winter 2016,LIDENFILMS,Pets;Slice of Life,g,7.66,62727,1494,1797,0,0,04-03-2016,friday
54209,Minna to Manner wo Manabou,NULL,movie,2,finished_airing,original,winter 2016,Shaft,Comedy,pg_13,5.76,601,11835,13400,0,0,09-02-2016,NULL
32898,Kidou Senshi Gundam 0083: Stardust Memory Picture Drama - Uchuu no Kagerou 2,Mobile Suit Gundam 0083: Stardust Memory Picture Drama - The Mayfly of Space 2,special,1,finished_airing,other,winter 2016,Sunrise,Mecha;Sci-Fi;Space,pg_13,5.74,1296,11925,10522,0,0,29-01-2016,NULL
33884,Tokyu Plaza Ginza Open,Tokyu Plaza Ginza Open,cm,1,finished_airing,original,winter 2016,NULL,Slice of Life,g,5.62,176,0,19180,0,0,27-03-2016,NULL
33272,Nanocore 2016 Xinnian Tebie Ban,NULL,music,1,finished_airing,,winter 2016,NULL,Music,pg_13,5.42,230,0,18164,0,0,04-02-2016,NULL
37099,Xiong Chumo: Xiong Zin Guilai,Boonie Bears: The Big Top Secret,movie,1,finished_airing,original,winter 2016,Fantawild Animation,Adventure;Comedy;Kids,pg,5.88,146,11208,19558,0,0,30-01-2016,NULL
33080,Brotherhood: Final Fantasy XV,NULL,ona,5,finished_airing,game,winter 2016,A-1 Pictures,Action,pg_13,6.9,45831,5081,2529,0,0,31-03-2016,NULL
31815,"Kono Danshi, Mahou ga Oshigoto desu.",This Boy is a Professional Wizard,tv,4,finished_airing,original,winter 2016,CoMix Wave Films,Boys Love;Fantasy,pg_13,6.93,14952,4950,4551,0,0,05-02-2016,friday
32879,Norn9: Norn+Nonet  - Unmei no Megami,NULL,tv_special,1,finished_airing,visual_novel,winter 2016,Kinema Citrus,Adventure;Fantasy;Josei;Romance;Sci-Fi,pg_13,6.17,2493,9537,8456,0,0,10-03-2016,NULL
40835,Aishen Qiaokeli-ing: Wanjie Jinian,NULL,ona,1,finished_airing,web_manga,winter 2016,B.CMAY PICTURES,Comedy;Harem;Romance;School,pg_13,6.45,1413,7803,9324,0,0,23-03-2016,NULL
32946,Gyakuten Saiban 6 Prologue,Ace Attorney 6 Prologue,ona,1,finished_airing,game,winter 2016,A-1 Pictures,Mystery;Workplace,pg_13,6.54,2315,7248,8775,0,0,17-03-2016,NULL
32691,Flowering Heart,Flowering Heart,tv,26,finished_airing,original,winter 2016,Bridge;DR Movie,Kids,pg,6,2671,10510,8735,0,0,29-02-2016,monday
32084,"Watashitachi, Luck Logic-bu!",NULL,tv,12,finished_airing,card_game,winter 2016,Doga Kobo,Comedy;School;Strategy Game,pg_13,5.45,1190,13113,9123,0,0,09-01-2016,NULL
36835,Rudolf to Ippaiattena x Godzilla x Toho Cinemas Moving Logo Eizou,NULL,cm,1,finished_airing,novel,winter 2016,NULL,Comedy,g,4.81,359,0,16048,0,0,07-01-2016,NULL
36630,Kimagure Mercy,NULL,music,1,finished_airing,original,spring 2016,NULL,Music,g,6.69,916,0,13515,0,0,03-06-2016,NULL
31500,High School Fleet,High School Fleet,tv,12,finished_airing,original,spring 2016,Production IMS,Action;Military;School,pg_13,7.3,46552,2998,2195,0,0,10-04-2016,sunday
32582,Duel Masters VSRF,Duel Masters Versus Revolution Final,tv,51,finished_airing,original,spring 2016,Ascension,Action;Adventure;Comedy;Fantasy;Kids,pg_13,5.47,450,13013,12685,0,0,03-04-2016,sunday
35542,Turning Mecard W,Turning Mecard W,tv,26,finished_airing,,spring 2016,NULL,Adventure;Kids;Mecha;Racing;Strategy Game,pg,6.02,220,10449,16365,0,0,19-05-2016,thursday
33872,Fujinkoron-senpai,NULL,pv,1,finished_airing,original,spring 2016,HOTZIPANG,Comedy,pg,5.02,252,0,17702,0,0,23-05-2016,NULL
33755,Ma Shen,Mahjong King,ona,16,finished_airing,web_manga,spring 2016,Thundray,Drama;Strategy Game,pg_13,5.87,188,11244,12745,0,0,28-06-2016,NULL
31680,Super Lovers,Super Lovers,tv,10,finished_airing,manga,spring 2016,Studio Deen,Boys Love;Comedy;Drama,pg_13,6.69,81963,6334,1714,0,0,06-04-2016,wednesday
33188,Sore Ike! Sabuibo Mask,NULL,tv,8,finished_airing,other,spring 2016,DLE,Comedy,NULL,0,60,20509,19327,0,0,06-05-2016,friday
33387,Ippou Nippon Mukashibanashi,NULL,ona,12,finished_airing,original,spring 2016,NULL,Comedy;Fantasy,pg,0,102,17224,19752,0,0,01-06-2016,NULL
48750,Chao Shen Xueyuan 4th Season: Hei Jia,Transcend the Gods 4th Season,ona,10,finished_airing,game,spring 2016,Transcendence Picture,Action;Sci-Fi,r,0,81,15562,19738,0,0,22-04-2016,NULL
36498,Arslan Senki (TV): Fuujin Ranbu - Arsen 4-koma Gekijou,NULL,special,4,finished_airing,manga,summer 2016,LIDENFILMS,Comedy,pg_13,6.29,1238,8798,9252,0,0,07-09-2016,NULL
32806,Aikatsu!: Nerawareta Mahou no Aikatsu! Card,NULL,movie,1,finished_airing,original,summer 2016,Bandai Namco Pictures,Idols (Female);Music;School;Slice of Life,pg,7.27,1613,3133,9845,0,0,13-08-2016,NULL
33770,Kirin Hyoketsu: Atarashiku Ikou Animation Movie,NULL,cm,1,finished_airing,original,summer 2016,Trigger,Slice of Life,g,5.29,676,0,13248,0,0,02-08-2016,NULL
34615,Usakame Special,NULL,special,1,finished_airing,manga,summer 2016,Millepensee,Comedy;Shounen;Sports,pg_13,5.59,1381,12618,11005,0,0,26-08-2016,NULL
33806,Macross Δ: Delta Shougekijou,NULL,special,9,finished_airing,original,summer 2016,Studio PuYUKAI,Comedy;Sci-Fi,pg_13,6.3,660,8754,11779,0,0,22-07-2016,NULL
34243,Miss Monochrome: Music Clips,NULL,music,15,finished_airing,original,summer 2016,NULL,Idols (Female);Music,g,6.07,1486,0,10610,0,0,07-09-2016,NULL
36297,Hachigatsu no Cinderella Nine PV,NULL,pv,1,finished_airing,game,summer 2016,A-1 Pictures,Music;Sports,g,5.68,765,0,12355,0,0,31-07-2016,NULL
30533,Gundam Build Fighters Try: Island Wars,NULL,tv_special,1,finished_airing,original,summer 2016,Sunrise,Mecha;Sci-Fi,g,6.76,7788,5879,6215,0,0,21-08-2016,NULL
32962,Occultic;Nine,Occultic;Nine,tv,12,finished_airing,light_novel,fall 2016,A-1 Pictures,Mystery,pg_13,6.89,73257,5166,1352,0,0,09-10-2016,sunday
32686,Keijo!!!!!!!!,Keijo!!!!!!!!,tv,12,finished_airing,manga,fall 2016,Xebec,Combat Sports;Ecchi;Shounen;Sports,pg_13,6.9,205504,5095,620,0,0,06-10-2016,thursday
34410,Balala Xiao Mo Xian: Feiyue Cai Ling Bao,Balala the Faries: Over the Rainbow,tv,26,finished_airing,original,fall 2016,Qianqi Animation,Comedy;Mahou Shoujo,pg,6.03,227,10349,14352,0,0,13-11-2016,sunday
40469,Toshiwasure Guda Guda Order 2016,Farewell to 2016 Guda Guda Order,special,1,finished_airing,game,fall 2016,TROYCA,Comedy,pg_13,6.02,1135,10446,11547,0,0,31-12-2016,NULL
34625,Master of Torque: Epilogue,Master of Torque: Epilogue,ona,1,finished_airing,original,fall 2016,Shimogumi,Racing,g,4.85,340,14277,15997,0,0,25-12-2016,NULL
34548,Cheer Danshi!! Specials,Cheer Boys!! Specials,special,2,finished_airing,novel,fall 2016,Brain's Base,Performing Arts;School;Sports,pg_13,5.82,458,11487,11262,0,0,22-12-2016,NULL
33219,Kagerou Daze: In a Day's,NULL,movie,1,finished_airing,mixed_media,fall 2016,Jumonji,Comedy;Romance;Sci-Fi;Supernatural,pg_13,6.13,3456,9765,5715,0,0,04-11-2016,NULL
34481,Getsuyoubi no Tawawa Specials,Tawawa on Monday Specials,special,2,finished_airing,other,fall 2016,PINE JAM,Ecchi;Slice of Life,pg_13,6.55,24308,7186,3671,0,0,29-12-2016,NULL
30652,Long Riders!,Long Riders!,tv,12,finished_airing,manga,fall 2016,Actas,CGDCT;Comedy;Shounen;Sports,pg_13,6.72,10994,6110,4605,0,0,08-10-2016,saturday
38784,Ken to Mahou no Logres: Inishie no Megami x Fate/Extella,Logres of Swords and Sorcery: Goddess of Ancient x Fate/Extella,cm,1,finished_airing,game,fall 2016,Shaft;Ijigen Tokyo,Music;Strategy Game,g,5.53,1947,0,8749,0,0,07-12-2016,NULL
37619,CMFU Xueyuan: Wangzi Peng Peng Qiu,NULL,ona,24,finished_airing,web_novel,fall 2016,Foch Film,Romance;School;Sports,pg_13,6.12,907,9816,8738,0,0,03-11-2016,NULL
32412,Kigyou Senshi Arslan,Corporate Warrior Arslan,special,6,finished_airing,manga,fall 2016,W-Toon Studio,Comedy;Parody,pg,6.49,1856,7571,8154,0,0,05-10-2016,NULL
34999,Kiitarou Shounen no Youkai Enikki: Jonan no Saijitsu,NULL,special,1,finished_airing,web_manga,winter 2017,Creators in Pack,Comedy;Ecchi;Supernatural,pg_13,6.17,1243,9523,9739,0,0,27-01-2017,NULL
38029,Moom: Hajimari no Monogatari,Moom: The Story of the Beginning,special,1,finished_airing,picture_book,winter 2017,NULL,Kids,g,5.82,141,11518,20039,0,0,18-01-2017,NULL
35526,Kizunakizu,NULL,music,1,finished_airing,original,winter 2017,Echoes,Kids;Music;Slice of Life,g,5.68,133,0,20133,0,0,08-02-2017,NULL
43397,Harmonia feat. Makoto,NULL,music,1,finished_airing,original,winter 2017,NULL,Avant Garde;Music,g,6.19,189,0,19688,0,0,09-02-2017,NULL
34765,Chein Kuro-Nikuru!!,NULL,special,12,finished_airing,game,winter 2017,Studio PuYUKAI,Comedy;Parody,g,5.42,212,13171,15081,0,0,08-01-2017,NULL
35139,Crayon Shin-chan x Panpaka Pants: Aeon Cinema Manner Movie Collab,NULL,ona,1,finished_airing,original,winter 2017,Shin-Ei Animation;DLE,Comedy,g,5.58,303,12630,15505,0,0,17-03-2017,NULL
34008,Days OVA,NULL,ova,2,finished_airing,manga,winter 2017,MAPPA,School;Shounen;Sports;Team Sports,pg_13,6.89,2412,5144,7464,0,0,17-03-2017,NULL
34125,High School Fleet OVA,NULL,ova,2,finished_airing,original,winter 2017,Production IMS,Action;Military;School,pg_13,7.22,10405,3453,5241,0,0,31-03-2017,NULL
56637,Bake Yamori,Deformed Gecko,ona,5,finished_airing,original,winter 2017,NULL,Horror;Supernatural,r,0,20,15133,29504,0,0,31-03-2017,NULL
43938,Xin Datou Er Zi He Xiao Tou Baba: Menghuan Leyuan Qiyu Ji,NULL,special,1,finished_airing,,winter 2017,NULL,Kids,g,0,22,21718,25791,0,0,27-01-2017,NULL
45026,Ying Huo Qibing,NULL,movie,1,finished_airing,original,winter 2017,NULL,Adventure;Anthropomorphic;Fantasy;Kids,pg,0,21,22028,26544,0,0,05-02-2017,NULL
52689,Qishi Lu Wu Mai Zhi Cheng,Revelation: The City of Haze,movie,1,finished_airing,original,winter 2017,NULL,Drama,pg_13,0,19,19592,23642,0,0,10-02-2017,NULL
48326,Geo Mecha: Beast Guardian,NULL,tv,26,finished_airing,original,winter 2017,NULL,Kids;Mecha;Sci-Fi,pg,0,37,16516,22519,0,0,27-02-2017,NULL
49907,He Nü'er De Richang 2nd Season,Grow Up with My Daughter 2nd Season,ona,18,finished_airing,manga,winter 2017,TrioPen Studio,Kids;Slice of Life,g,0,70,16821,22724,0,0,21-03-2017,NULL
53745,Isobe Isobee Monogatari: Ukiyo wa Tsurai yo (2017),NULL,ona,6,finished_airing,manga,winter 2017,Gathering,Comedy;Gag Humor;Historical;Shounen,pg_13,0,30,17233,22569,0,0,06-03-2017,NULL
53437,Shen Ming Zhi Zhou 2nd Season,The Totem Warrior 2,ona,12,finished_airing,manga,winter 2017,NULL,Adventure;Fantasy,pg_13,0,39,20067,22560,0,0,18-01-2017,NULL
49099,Taiyo Kikaku's 49th Anniversary Movie,NULL,ona,1,finished_airing,original,winter 2017,Tecarat,Music,g,0,98,20671,21715,0,0,03-02-2017,NULL
35015,Ani ni Tsukeru Kusuri wa Nai!,Take My Brother Away,tv,12,finished_airing,web_manga,spring 2017,Fanworks;Imagineer,Comedy;School,pg_13,7.47,45417,2198,2264,0,0,07-04-2017,friday
25777,Shingeki no Kyojin Season 2,Attack on Titan Season 2,tv,12,finished_airing,manga,spring 2017,Wit Studio,Action;Drama;Gore;Military;Shounen;Survival;Suspense,r,8.54,2045911,142,12,0,0,01-04-2017,saturday
35018,Osomatsu-san: Haru no Zenkoku Dai Senbatsu Jouei-sai - Sentou Quiz 2,NULL,movie,1,finished_airing,manga,spring 2017,Studio Pierrot,Adult Cast;Comedy;Parody,r,6.05,289,10271,12933,0,0,06-04-2017,NULL
34741,Tomica Hyper Rescue Drive Head: Kidou Kyuukyuu Keisatsu,NULL,tv,37,finished_airing,other,spring 2017,OLM,Adventure;Detective;Mecha;Mystery;Sci-Fi,pg,6.06,281,10223,13732,0,0,15-04-2017,saturday
36521,Dies Irae: Irasshai Zonnenji,NULL,ona,18,finished_airing,visual_novel,spring 2017,A.C.G.T.,Comedy;Parody,pg_13,5.49,611,12954,10608,0,0,28-06-2017,NULL
31629,Granblue Fantasy The Animation,Granblue Fantasy: The Animation,tv,13,finished_airing,game,spring 2017,A-1 Pictures,Action;Adventure;Fantasy,pg_13,6.62,78807,6756,1293,0,0,02-04-2017,sunday
59521,Kasa no Sasenai Roji,NULL,music,1,finished_airing,original,spring 2017,NULL,Anthropomorphic;Kids;Music,g,0,9,0,29428,0,0,01-06-2017,NULL
62376,Sylvanian Families: Yume Fukuramu Akogare no Machi,Calico Critters: A Town of Dreams,ona,1,finished_airing,other,spring 2017,NULL,Anthropomorphic;Kids;Slice of Life,g,0,14,20621,28779,0,0,06-04-2017,NULL
36003,Kimoshiba 2,NULL,tv,13,finished_airing,original,spring 2017,Jinnis Animation Studios,Comedy;Horror;Kids;Supernatural,g,0,70,17750,20985,0,0,02-04-2017,sunday
35295,Washimo 5th Season,NULL,tv,44,finished_airing,picture_book,spring 2017,Studio Deen,Comedy;Kids;School;Sci-Fi,g,0,72,21232,19791,0,0,03-04-2017,NULL
40092,Xiao Hua Xian 3rd Season: Shou Hu Tian Shi,NULL,tv,40,finished_airing,game,spring 2017,Taomee,Kids;Mahou Shoujo,g,0,91,21515,19670,0,0,07-04-2017,NULL
37101,Xiong Chumo: Xiongxiong Leyuan,Boonie Cubs,tv,52,finished_airing,original,spring 2017,Fantawild Animation,Adventure;Comedy;Kids,g,0,130,21862,19656,0,0,28-04-2017,NULL
34376,Yuuki Yuuna wa Yuusha de Aru: Washio Sumi no Shou 3 - Yakusoku,NULL,movie,1,finished_airing,light_novel,summer 2017,Studio Gokumi,Drama;Mahou Shoujo,pg_13,7.97,6210,771,5871,0,0,08-07-2017,NULL
35082,Hibike! Euphonium Movie 2: Todoketai Melody,Sound! Euphonium the Movie: May the Melody Reach You!,movie,1,finished_airing,novel,summer 2017,Kyoto Animation,Drama;Music;Performing Arts;School,pg_13,7.87,11071,952,4218,0,0,30-09-2017,NULL
35182,Binan Koukou Chikyuu Bouei-bu Love! Love! Love!,Cute High Earth Defense Club LOVE! LOVE! LOVE!,ova,1,finished_airing,original,summer 2017,Studio Comet,Comedy;Fantasy;Parody;School;Super Power,pg_13,6.81,3457,5576,7121,0,0,26-08-2017,NULL
35285,A-Channel: Nabe wo Tabeyou,A-Channel: Let's Eat Hot Pot,special,1,finished_airing,4_koma_manga,summer 2017,Studio Gokumi,CGDCT;Comedy;School,pg_13,6.87,3498,5247,7275,0,0,27-09-2017,NULL
35982,Gundam Build Fighters: GM no Gyakushuu,NULL,ona,1,finished_airing,original,summer 2017,Sunrise,Mecha;Sci-Fi,pg_13,7.15,5354,3854,6956,0,0,25-08-2017,NULL
34599,Made in Abyss,Made in Abyss,tv,13,finished_airing,web_manga,summer 2017,Kinema Citrus,Adventure;Drama;Fantasy;Gore;Mystery;Sci-Fi,r,8.63,830513,90,91,0,0,07-07-2017,friday
35507,Youkoso Jitsuryoku Shijou Shugi no Kyoushitsu e,Classroom of the Elite,tv,12,finished_airing,light_novel,summer 2017,Lerche,Drama;Psychological;School;Suspense,pg_13,7.83,906102,1057,103,0,0,12-07-2017,wednesday
35745,40-shuunen da yo!! CoroCoro All-Star Shougakkou,NULL,ona,2,finished_airing,original,summer 2017,OLM;HORNETS,Comedy;Parody;School,g,5.52,254,12833,14853,0,0,15-07-2017,NULL
38854,Magic-kyun! First Live: Hoshinomori Summer Festa 2017 Encore Animation,NULL,special,1,finished_airing,mixed_media,summer 2017,NULL,Fantasy;Idols (Male);Music;Reverse Harem;Romance;School,pg_13,6.38,270,8275,13416,0,0,20-09-2017,NULL
38968,Love in Ruins feat. Sinéad Harnett,Love In Ruins,music,1,finished_airing,original,summer 2017,NULL,Music,pg,6.12,205,0,19821,0,0,03-08-2017,NULL
34449,The Reflection,The Reflection,tv,12,finished_airing,original,summer 2017,Studio Deen,Action;Super Power,pg_13,5.13,8653,13919,4583,0,0,22-07-2017,saturday
37577,Hibike! Euphonium Movie: Photo Session e Youkoso,NULL,movie,3,finished_airing,novel,summer 2017,Kyoto Animation,Comedy;Performing Arts,pg_13,6.22,1236,9214,9487,0,0,30-09-2017,NULL
35480,Karadasagashi,NULL,ona,10,finished_airing,manga,summer 2017,Studio Khronos,Horror;School;Shounen,r,5.47,277,13021,9354,0,0,30-07-2017,NULL
36119,Uma no Friends,NULL,ona,1,finished_airing,game,summer 2017,NULL,Anthropomorphic;Comedy;Fantasy;Racing;Sports,g,6.2,1689,9375,9848,0,0,08-08-2017,NULL
36339,Nissin no Donbei x Kemono Friends,NULL,cm,1,finished_airing,original,summer 2017,NULL,Comedy,g,5.96,1239,0,10884,0,0,19-09-2017,NULL
35416,"Kabuki-bu!: Oogiri Chiyocolate-gassen""""",NULL,special,1,finished_airing,novel,summer 2017,Studio Deen,Comedy;Performing Arts;School,pg_13,6.15,362,9654,12429,0,0,27-09-2017,NULL
36155,Bibury,Bibury,pv,1,finished_airing,original,summer 2017,Bibury Animation Studios,Slice of Life,g,5.46,1127,0,12442,0,0,19-08-2017,NULL
34915,The iDOLM@STER SideM,THE IDOLM@STER SideM,tv,13,finished_airing,game,fall 2017,A-1 Pictures,Idols (Male);Music,pg_13,7.13,7339,4000,5104,0,0,07-10-2017,saturday
37031,Mahoutsukai no Yome Recap,The Ancient Magus' Bride Recap,tv_special,1,finished_airing,manga,fall 2017,Wit Studio,Fantasy;Mythology;Shounen;Urban Fantasy,pg_13,7.26,5532,3220,5750,0,0,31-12-2017,NULL
36783,Girls & Panzer: Dai 63-kai Senshadou Zenkoku Koukousei Taikai Recap,Girls und Panzer Compilation: The 63rd National High School Sensha-do Games,ona,1,finished_airing,original,fall 2017,Actas,Action;CGDCT;Military;School,pg_13,7.22,1627,3450,8438,0,0,11-11-2017,NULL
36775,Wo Shi Jiang Xiaobai,I'm Joybo,ona,12,finished_airing,original,fall 2017,2:10 Animation,Drama;Romance,pg_13,7.06,1664,4373,7673,0,0,09-11-2017,NULL
35333,Yi Ren Zhi Xia 2,The Outcast Season 2,ona,24,finished_airing,web_manga,fall 2017,Haoliners Animation,Action;Super Power;Supernatural,r,7.37,32213,2658,2696,0,0,27-10-2017,NULL
37334,Star Wars/Force no Kakusei,Star Wars: The Force Awakens,ona,1,finished_airing,other,fall 2017,NULL,Sci-Fi,g,5.25,627,13666,14220,0,0,15-12-2017,NULL
34658,Nekopara OVA,NULL,ova,1,finished_airing,visual_novel,fall 2017,lxtl;Felix Film,Anthropomorphic;Comedy;Romance,pg_13,6.92,40060,5004,2671,0,0,22-12-2017,NULL
37152,Shaonian Jinyiwei 2nd Season,NULL,ona,13,finished_airing,original,fall 2017,NULL,Action;Adventure;Historical;Martial Arts;Mystery;Romance,pg_13,6.34,200,8508,16252,0,0,05-10-2017,NULL
38887,Lost,LOST,music,1,finished_airing,original,fall 2017,NULL,Music,g,6.03,200,0,19769,0,0,09-11-2017,NULL
37542,Kami nomi Kakushi,NULL,music,1,finished_airing,original,fall 2017,NULL,Music,g,6.17,210,0,19211,0,0,29-12-2017,NULL
36668,Senro wa Tsuzuku yo Dokomademo (2017),I've Been Working on the Railroad,music,1,finished_airing,music,fall 2017,NULL,Kids;Music,g,5.12,135,0,21113,0,0,25-10-2017,NULL
36680,Sayonara Nyuunanzai,NULL,music,1,finished_airing,original,fall 2017,NULL,Music,g,5.25,138,0,21559,0,0,25-10-2017,NULL
36265,Sylvanian Families: Mini Story,Calico Critters: Mini Episodes,tv,12,finished_airing,other,fall 2017,Shogakukan Music & Digital Entertainment,Anthropomorphic;Kids;Slice of Life,g,6.08,117,10114,17921,0,0,07-10-2017,NULL
37045,Imouto sae Ireba Ii. (ONA),NULL,ona,6,finished_airing,light_novel,fall 2017,SILVER LINK.,Comedy,pg_13,6.47,5250,7709,6073,0,0,08-10-2017,NULL
36914,Fate/Grand Order: Himuro no Tenchi - 7-nin no Saikyou Ijin-hen,Fate/Grand Order x Himuro's World: Seven Most Powerful Great Figures Chapter,tv_special,1,finished_airing,game,fall 2017,ufotable,Comedy;School,pg_13,6.33,7757,8543,5281,0,0,31-12-2017,NULL
35235,Hitorigurashi no Shougakusei,NULL,ona,10,finished_airing,4_koma_manga,fall 2017,Signal.MD,Comedy;Gourmet,g,6.48,1498,7633,9716,0,0,10-10-2017,NULL
38771,Wego Graphics,WEGO GRAPHICS,cm,2,finished_airing,original,fall 2017,NULL,Music,g,4.76,181,0,20101,0,0,07-10-2017,NULL
36774,Star Wars/Saigo no Jedai: Tokubetsu Eizou,NULL,ona,1,finished_airing,other,fall 2017,NULL,Comedy;Parody;Sci-Fi,g,4.56,495,14539,14783,0,0,08-11-2017,NULL
40089,Pittanko!! Nekozakana,NULL,tv,93,finished_airing,,fall 2017,NULL,NULL,g,0,211,19363,17191,0,0,09-10-2017,NULL
37102,Xiong Chumo: Tanxian Riji,Boonie Bears: The Adventurers,tv,52,finished_airing,original,fall 2017,Fantawild Animation,Adventure;Comedy;Kids,pg,0,101,21851,19437,0,0,28-11-2017,NULL
36981,Neko no Dayan (2017),NULL,tv,30,finished_airing,picture_book,fall 2017,NULL,Kids,g,0,88,18920,20113,0,0,14-10-2017,NULL
36486,Lalala Lala-chan ★Uchuu ni Muchuu★,NULL,tv,12,finished_airing,other,fall 2017,Usagi Ou,Adventure;Fantasy;Kids,pg,0,75,18035,19754,0,0,06-10-2017,other
37950,Ice Kuritarou (Movie),Ice Kuritaro,movie,3,finished_airing,original,fall 2017,NULL,Kids,g,0,33,17166,22411,0,0,16-12-2017,NULL
36838,Gintama. Shirogane no Tamashii-hen,Gintama. Silver Soul Arc,tv,12,finished_airing,manga,winter 2018,Bandai Namco Pictures,Action;Comedy;Gag Humor;Historical;Parody;Samurai;Sci-Fi;Shounen,pg_13,8.81,115239,35,1184,0,0,08-01-2018,monday
35849,Darling in the FranXX,DARLING in the FRANXX,tv,24,finished_airing,original,winter 2018,A-1 Pictures;Trigger;CloverWorks,Drama;Mecha;Romance;Sci-Fi,pg_13,7.2,1107847,3559,61,0,0,13-01-2018,saturday
36688,Shinmai Maou no Testament Departures,The Testament of Sister New Devil Departures,ova,1,finished_airing,light_novel,winter 2018,Production IMS,Action;Ecchi;Harem;Supernatural,r+,6.9,46153,5114,2323,0,0,28-03-2018,NULL
37362,Sword Art Online Fatal Bullet: The Third Episode,Sword Art Online Fatal Bullet: The Third Episode,tv_special,1,finished_airing,game,winter 2018,NULL,Video Game,pg_13,6.28,6250,8913,5444,0,0,20-03-2018,NULL
34839,Sanrio Danshi,Sanrio Boys,tv,12,finished_airing,mixed_media,winter 2018,Studio Pierrot,Otaku Culture;School;Slice of Life,pg_13,6.7,23170,6263,3004,0,0,06-01-2018,saturday
39429,Girls & Panzer: Saishuushou Part 1 - Fushou Akiyama Yukari no Sensha Kouza,NULL,special,1,finished_airing,original,winter 2018,Actas,CGDCT;Educational;Military;School,g,6.83,999,5487,10332,0,0,23-03-2018,NULL
37408,Taishou Mebiusline: Chicchai-san - You and I,NULL,special,1,finished_airing,visual_novel,winter 2018,Studio A-CAT,Boys Love;Historical,pg_13,4.82,1235,14313,10275,0,0,28-02-2018,NULL
36875,Akuma no Memumemu-chan,NULL,ona,1,finished_airing,manga,winter 2018,Shaft,Comedy;Ecchi;Mythology;Shounen;Supernatural,pg_13,5.58,2072,12623,9823,0,0,23-01-2018,NULL
39190,Wang Zhe Wai Chuan,NULL,ona,12,finished_airing,,winter 2018,NULL,Comedy,NULL,0,25,21193,22960,0,0,12-01-2018,NULL
44011,Zhiqu Yang Xuetang: Qihuan Chengyu Shu,NULL,ona,26,finished_airing,,winter 2018,NULL,Adventure;Comedy;Kids,pg,0,33,22293,23264,0,0,15-02-2018,NULL
48212,Bangle School,Bangle School,tv,26,finished_airing,original,winter 2018,NULL,Comedy;Fantasy;Kids;School,pg,0,27,15160,24241,0,0,02-12-2017,NULL
44012,Zhiqu Yang Xuetang: Yangyang Lai Yunbao,Pleasant Goat Fun Class: Finding Treasures,ona,26,finished_airing,,winter 2018,NULL,Adventure;Comedy;Kids,pg,0,37,22294,22945,0,0,22-02-2018,NULL
54506,Dive feat. MRSHLL and Megan Lee,NULL,music,1,finished_airing,original,winter 2018,NULL,Fantasy;Music,pg_13,0,83,0,23913,0,0,28-02-2018,NULL
37816,Bandoe Sareoriratda,I'll Just Live In Bando,movie,1,finished_airing,,winter 2018,NULL,Comedy;Performing Arts,g,0,65,15150,19003,0,0,25-01-2018,NULL
35968,Wotaku ni Koi wa Muzukashii,Wotakoi: Love is Hard for Otaku,tv,11,finished_airing,web_manga,spring 2018,A-1 Pictures,Adult Cast;Comedy;Otaku Culture;Romance;Workplace,pg_13,7.92,578781,844,167,0,0,13-04-2018,friday
37641,Yin Yang Shi: Ping An Wu Yu,NULL,ona,12,finished_airing,game,spring 2018,Blade;Thundray,Comedy;Historical;Mythology;Supernatural,pg_13,6.36,665,8404,10632,0,0,21-04-2018,NULL
41480,Destiny Child,Destiny Child,ona,1,finished_airing,game,spring 2018,Yumeta Company,Action;Mythology;Supernatural,pg_13,5.52,702,12843,13027,0,0,01-05-2018,NULL
36418,Koneko no Chi: Ponponra Dairyokou,NULL,tv,25,finished_airing,original,spring 2018,Marza Animation Planet,Pets;Slice of Life,g,6.48,853,7642,11284,0,0,08-04-2018,sunday
37843,"Kiss Dekiru Gyouza"" Movie x Mameshiba""",NULL,cm,2,finished_airing,other,spring 2018,NULL,Comedy;Parody,g,4.55,368,0,16083,0,0,NULL,NULL
37280,Tenka Touitsu Koi no Ran: Shutsujin! Saika 4-nin Shuu,NULL,ona,4,finished_airing,game,spring 2018,UWAN Pictures,Drama;Historical;Romance;Samurai,pg_13,0,98,20761,16175,0,0,28-05-2018,NULL
37171,Asobi Asobase,Asobi Asobase: Workshop of Fun,tv,12,finished_airing,manga,summer 2018,Lerche,Comedy;Gag Humor;School;Seinen,pg_13,8.19,249942,439,470,0,0,08-07-2018,sunday
37209,Sheng Shi Zhuang Niang,The Beauty Blogger,ona,20,finished_airing,novel,summer 2018,Imagineer,Drama;Historical;Romance;Video Game,pg_13,6.72,1577,6127,8457,0,0,24-07-2018,NULL
51149,Golden Douga Gekijou Specials,NULL,special,7,finished_airing,manga,summer 2018,W-Toon Studio;DMM.futureworks,Comedy,r,6.02,473,10413,13278,0,0,27-07-2018,NULL
38106,Hotohashiru,Hotohashiru,music,1,finished_airing,manga,summer 2018,THINKR,Music;Supernatural,g,6.09,622,0,13741,0,0,03-08-2018,NULL
35994,Satsuriku no Tenshi,Angels of Death,tv,16,finished_airing,game,summer 2018,J.C.Staff,Adventure;Gore;Horror;Psychological;Suspense,r,6.96,346406,4817,314,0,0,06-07-2018,friday
37569,Sirius,Sirius the Jaeger,tv,12,finished_airing,original,summer 2018,P.A. Works,Action;Historical;Supernatural;Vampire,r,6.95,119199,4878,1048,0,0,12-07-2018,thursday
37760,Mecha-ude,Mechanical Arms,ona,1,finished_airing,original,summer 2018,TriF Studio,Action;Sci-Fi,pg_13,6.76,8467,5893,5068,0,0,30-09-2018,NULL
37997,Devils Line: Anytime Anywhere,NULL,ova,1,finished_airing,manga,summer 2018,Platinum Vision,Action;Adult Cast;Drama;Romance;Seinen;Supernatural;Vampire,r,6.93,9917,4942,4901,0,0,23-08-2018,NULL
37364,Kekkai Sensen & Beyond: Zapp Renfro Ingaouhouchuu!!/Baccardio no Shizuku,Blood Blockade Battlefront & Beyond OVA,ova,1,finished_airing,manga,summer 2018,Bones,Action;Comedy;Fantasy;Shounen;Super Power;Vampire,r,7.15,11152,3863,4666,0,0,04-07-2018,NULL
35672,Yama no Susume Third Season,Encouragement of Climb Season 3,tv,13,finished_airing,manga,summer 2018,8bit,Adventure;CGDCT;Iyashikei;Slice of Life,pg_13,7.61,11613,1675,4665,0,0,03-07-2018,tuesday
38020,Beatless Final Stage,NULL,tv,4,finished_airing,light_novel,summer 2018,Diomedéa,Action;Drama;Romance;Sci-Fi,pg_13,6.79,17415,5692,4015,0,0,26-09-2018,other
38272,Musunde Hiraite,NULL,ona,30,finished_airing,manga,summer 2018,Creators in Pack,Comedy;Romance;School,pg_13,0,92,18789,15265,0,0,07-09-2018,NULL
38958,Manga de Wakaru! Fate/Grand Order,Learning with Manga! Fate/Grand Order,tv_special,1,finished_airing,game,fall 2018,A-1 Pictures,Comedy,pg_13,7.57,10410,1796,5494,0,0,31-12-2018,NULL
36951,Yuu☆Yuu☆Hakusho: Two Shots/Noru ka Soru ka,Yu Yu Hakusho: Ghost Files -  Two Shots / All or Nothing,special,2,finished_airing,manga,fall 2018,Studio Pierrot,Action;Martial Arts;Mythology;Shounen;Supernatural,pg_13,7.4,9163,2549,5180,0,0,26-10-2018,NULL
37826,Osake wa Fuufu ni Natte kara: Yuzu Atsukan,Love is Like a Cocktail: Fourteenth Glass - Yuzu Hot Sake,ona,1,finished_airing,web_manga,fall 2018,Creators in Pack,Adult Cast;Comedy;Gourmet;Romance,pg_13,7.05,17768,4405,4177,0,0,06-10-2018,NULL
38431,Persona 5 the Animation TV Specials,NULL,tv_special,2,finished_airing,game,fall 2018,CloverWorks,Action;School;Super Power;Supernatural,r,6.9,19868,5108,4068,0,0,31-12-2018,NULL
38653,Dragon Ball Super: Broly - Skytree Super,NULL,special,1,finished_airing,manga,fall 2018,Toei Animation,Action;Comedy;Shounen,pg_13,7.22,8301,3445,5545,0,0,01-11-2018,NULL
39944,Tokimeki Runners,NULL,music,1,finished_airing,other,fall 2018,Sunrise,Idols (Female);Music,pg_13,6.82,1651,0,10214,0,0,21-11-2018,NULL
37501,Hug tto! Precure♡Futari wa Precure Movie: All Stars Memories,NULL,movie,1,finished_airing,original,fall 2018,Toei Animation,Action;Mahou Shoujo,g,7.72,2255,1317,9152,0,0,27-10-2018,NULL
37991,JoJo no Kimyou na Bouken Part 5: Ougon no Kaze,JoJo's Bizarre Adventure: Golden Wind,tv,39,finished_airing,manga,fall 2018,David Production,Action;Adventure;Organized Crime;Shounen;Super Power,r,8.58,773145,114,146,0,0,06-10-2018,saturday
37349,Goblin Slayer,Goblin Slayer,tv,12,finished_airing,light_novel,fall 2018,White Fox,Action;Adventure;Fantasy;Gore,r,7.41,728337,2457,135,0,0,07-10-2018,sunday
38521,Tengu desu,NULL,music,1,finished_airing,original,fall 2018,Pmats9 studio,Music;Mythology;Supernatural,pg_13,5.3,373,0,15533,0,0,11-10-2018,NULL
44265,Comet,Comet,music,1,finished_airing,original,fall 2018,NULL,Music,g,6.25,519,0,15724,0,0,22-11-2018,NULL
38812,Botsuraku,NULL,music,1,finished_airing,original,fall 2018,NULL,Music,g,5.52,219,0,19588,0,0,10-12-2018,NULL
39245,Shinkaigyo no Machi,NULL,music,1,finished_airing,original,fall 2018,NULL,Kids;Music,g,5.21,142,0,21178,0,0,01-12-2018,NULL
41318,99 Illusion!,NULL,music,1,finished_airing,original,fall 2018,NULL,Music;Performing Arts,g,5.56,329,0,16368,0,0,09-10-2018,NULL
38626,JRA x Gudetama,JRA x Gudetama,cm,4,finished_airing,original,fall 2018,NULL,Racing;Sports,g,5.11,220,0,16606,0,0,26-10-2018,NULL
38488,Special Nu World,Special Nu World,music,1,finished_airing,game,fall 2018,NULL,Idols (Male);Music,g,5.71,267,0,18433,0,0,16-10-2018,NULL
38922,Kimi ga Mita Sora wa,NULL,music,1,finished_airing,game,fall 2018,NULL,Idols (Male);Music,g,5.7,245,0,18627,0,0,27-12-2018,NULL
38955,Humane,HUMANE,music,1,finished_airing,original,fall 2018,NULL,Avant Garde;Music,g,5.02,240,0,18655,0,0,21-10-2018,NULL
38496,Matsuda-ke Curry Battle,NULL,special,1,finished_airing,original,fall 2018,NULL,Gourmet;Music,g,4.94,189,14169,18974,0,0,NULL,NULL
39605,Hataraku Saibou Specials,NULL,special,5,finished_airing,manga,fall 2018,David Production,Anthropomorphic;Comedy;Educational;Medical;Parody;Shounen,g,6.66,5229,6501,5735,0,0,24-10-2018,NULL
39094,Toaru Majutsu no Index-tan III,A Certain Magical Index III: Specials,special,2,finished_airing,light_novel,fall 2018,J.C.Staff,Comedy,pg_13,6.47,3791,7737,6359,0,0,26-12-2018,NULL
38089,"Okoshiyasu, Chitose-chan","Welcome, Chitose",tv,24,finished_airing,manga,fall 2018,Gathering,Anthropomorphic;Josei;Slice of Life,g,6.79,2020,5724,8207,0,0,06-10-2018,saturday
38083,Ken En Ken: Aoki Kagayaki,Xuan Yuan Sword Luminary,tv,13,finished_airing,game,fall 2018,Studio Deen,Action;Adventure;Fantasy;Martial Arts,pg_13,6.03,5420,10365,5553,0,0,02-10-2018,tuesday
38807,Goblin Slayer: Bouken Kiroku Youshi - Adventure Sheet,Goblin Slayer: Adventure Sheet,tv_special,1,finished_airing,light_novel,fall 2018,White Fox,Action;Adventure;Fantasy;Gore,r,6.33,26189,8548,3400,0,0,16-12-2018,NULL
37992,Jingai-san no Yome,Jingai-san no Yome,tv,12,finished_airing,4_koma_manga,fall 2018,Saetta,Comedy;Fantasy;Josei;Romance;School,pg_13,5.84,23057,11395,3372,0,0,03-10-2018,wednesday
37915,Uchuu no Hou: Reimei-hen,The Laws of the Universe: Part 1,movie,1,finished_airing,original,fall 2018,HS Pictures Studio,Sci-Fi;Space,pg_13,5.19,340,13809,12313,0,0,12-10-2018,NULL
55890,Jangmiyeogwan,Motel Rose,movie,1,finished_airing,,fall 2018,NULL,Idols (Female);Slice of Life,NULL,0,20,17254,24608,0,0,19-10-2018,NULL
39674,Gundam vs Hello Kitty,NULL,ona,3,finished_airing,mixed_media,winter 2019,NULL,Comedy;Fantasy;Kids;Mecha;Sci-Fi;Space,g,6.65,3959,6571,7792,0,0,29-03-2019,NULL
37920,Ueno-san wa Bukiyou,"How clumsy you are, Miss Ueno.",tv,12,finished_airing,manga,winter 2019,Lesprit,Comedy;Love Status Quo;Romance;School;Seinen,pg_13,6.55,57739,7223,1946,0,0,07-01-2019,monday
42444,Bai Gui Youeryuan 2nd Season,NULL,ona,12,finished_airing,game,winter 2019,Painting Dream,Comedy,pg_13,6.03,141,10347,19153,0,0,26-03-2019,NULL
38013,Chuck Shimezou,Zip! Shimezo,movie,1,finished_airing,original,winter 2019,Nippon Animation,Drama;Supernatural,g,6.01,183,10461,16379,0,0,09-03-2019,NULL
39560,Donten,NULL,music,1,finished_airing,original,winter 2019,NULL,Music,pg_13,5.98,201,0,19751,0,0,13-03-2019,NULL
38673,Mini Toji,Katana Maidens: Mini Toji,tv,10,finished_airing,original,winter 2019,Project No.9,Action;CGDCT;Comedy;Fantasy;Urban Fantasy,g,6.11,2626,9892,8222,0,0,06-01-2019,sunday
39490,Soba e,NULL,ona,1,finished_airing,original,winter 2019,Orange,Fantasy;Music,g,6.13,1107,9789,12171,0,0,06-03-2019,NULL
38003,Bungou Stray Dogs 3rd Season,Bungo Stray Dogs 3,tv,12,finished_airing,manga,spring 2019,Bones,Action;Adult Cast;Detective;Mystery;Organized Crime;Seinen;Super Power,r,8.2,374849,422,334,0,0,12-04-2019,friday
42132,Benghuai Xinghe,Galaxy Devastator,ona,12,finished_airing,novel,spring 2019,Kaca Entertainment,Action;Adventure;Sci-Fi,r,6.16,151,9563,16246,0,0,05-05-2019,NULL
52346,Sayonara Hero,NULL,music,1,finished_airing,original,spring 2019,NULL,Idols (Female);Music,pg_13,6.08,358,0,16512,0,0,30-06-2019,NULL
39078,Aikatsu Friends!: Kagayaki no Jewel,NULL,tv,26,finished_airing,game,spring 2019,Bandai Namco Pictures,Idols (Female);Music;School;Slice of Life,pg,7.14,2629,3899,8425,0,0,04-04-2019,thursday
35645,Uta no☆Prince-sama♪ Movie: Maji Love Kingdom,NULL,movie,1,finished_airing,visual_novel,spring 2019,A-1 Pictures,Idols (Male);Josei;Music,pg_13,7.34,2991,2820,6314,0,0,14-06-2019,NULL
39708,Fairy Ngoo,NULL,ona,4,finished_airing,original,spring 2019,TOHO animation,Comedy;Fantasy;Music,pg_13,5.12,482,13924,11811,0,0,10-04-2019,NULL
37973,Märchen Mädchen Specials,Maerchen Maedchen,special,2,finished_airing,light_novel,spring 2019,Hoods Entertainment,Fantasy;Isekai;School,pg_13,6.03,2806,10369,8414,0,0,25-04-2019,NULL
39682,Daisuki tte Imi da yo,NULL,music,1,finished_airing,original,spring 2019,NULL,Kids;Music,g,5.31,147,0,21476,0,0,01-04-2019,NULL
39696,Niigata no Edamame-ou Shiba,NULL,ona,3,finished_airing,original,spring 2019,NULL,Kids,g,5.12,224,13927,17850,0,0,08-04-2019,NULL
57187,Veil,NULL,music,1,finished_airing,original,spring 2019,PERIMETRON,Avant Garde;Music,pg_13,0,54,0,26932,0,0,05-04-2019,NULL
45088,Tianchi Shuiguai,The Tianchi Monster,movie,1,finished_airing,,spring 2019,NULL,Adventure;Fantasy;Kids,g,0,21,20828,25344,0,0,19-06-2019,NULL
57135,Ketchup Chap,NULL,music,1,finished_airing,original,spring 2019,NULL,Anthropomorphic;Gourmet;Kids;Music,g,0,66,0,24540,0,0,01-04-2019,NULL
56421,Recycle Zoo,NULL,movie,1,finished_airing,original,spring 2019,NULL,Adventure;Comedy;Kids,g,0,18,19633,26636,0,0,26-04-2019,NULL
52627,Bailu,The Six,movie,1,finished_airing,original,spring 2019,Congrong Film,Drama,pg_13,0,27,15115,24562,0,0,11-06-2019,NULL
55274,Haha e,NULL,music,1,finished_airing,original,spring 2019,NULL,Drama;Music,g,0,74,0,24795,0,0,17-04-2019,NULL
62377,Sylvanian Families: Soratobu Minna no Ookina Yume,Calico Critters: Everyone's Big Dream Flying in the Sky,ona,1,finished_airing,other,spring 2019,NULL,Anthropomorphic;Kids;Slice of Life,g,0,16,20619,28060,0,0,26-04-2019,NULL
40638,Wan Guo Zhi,Wings of the World,ona,16,finished_airing,original,summer 2019,LX Animation Studio,Action;Adventure;Historical;Romance,r,6.49,247,7608,14688,0,0,23-09-2019,NULL
38619,Joshikousei no Mudazukai,Wasteful Days of High School Girls,tv,12,finished_airing,web_manga,summer 2019,Passione,CGDCT;Comedy;Gag Humor;School,pg_13,7.7,52940,1374,1909,0,0,05-07-2019,friday
40484,Chuanyue Huoxian: Youling Jihua,CrossFire: Project Ghost,ona,13,finished_airing,game,summer 2019,NULL,Action;Detective;Military;Mystery;Strategy Game,pg_13,5.96,129,10715,17939,0,0,12-07-2019,NULL
52348,From A to Z,NULL,music,1,finished_airing,original,summer 2019,NULL,Idols (Female);Music,g,5.97,310,0,17572,0,0,01-07-2019,NULL
40645,Kaigo to Ikiru,NULL,cm,1,finished_airing,original,summer 2019,Animation Lab Japan,Drama;Music,g,5.96,214,0,17931,0,0,30-09-2019,NULL
38940,Cop Craft,NULL,tv,12,finished_airing,light_novel,summer 2019,Millepensee,Action;Detective;Fantasy;Mystery;Urban Fantasy,r,6.71,54976,6159,1989,0,0,09-07-2019,tuesday
40430,Uchuu Seibutsu Jirou,NULL,pv,1,finished_airing,original,summer 2019,Fanworks,Kids;Music;Slice of Life;Space,g,4.86,221,0,19069,0,0,20-09-2019,NULL
40966,Ling Jian Zun 3rd Season,NULL,ona,40,finished_airing,novel,fall 2019,Suoyi Technology,Action;Adventure;Fantasy;Martial Arts;Romance,pg_13,7.1,1401,4152,11090,0,0,24-12-2019,NULL
39967,Shinkansen Henkei Robo Shinkalion: Mirai kara Kita Shinsoku no ALFA-X,NULL,movie,1,finished_airing,other,fall 2019,OLM,Kids;Mecha;Sci-Fi,pg,6.57,398,7093,13144,0,0,27-12-2019,NULL
40659,Senki Zesshou Symphogear XV: Senki Zesshou Shinai Symphogear,NULL,special,4,finished_airing,original,fall 2019,Satelight,Comedy;Idols (Female),pg_13,6.9,1538,5112,9385,0,0,04-12-2019,NULL
39849,Kyouryuu Shoujo Gauko,Dino Girl Gauko,ona,20,finished_airing,original,fall 2019,Ascension,Comedy;Super Power,g,6.36,1269,8384,11783,0,0,22-11-2019,NULL
49527,Princess♂,Princess♂,music,1,finished_airing,original,fall 2019,NULL,Music,pg_13,6.45,288,0,18039,0,0,11-10-2019,NULL
41039,Vanilla,NULL,music,1,finished_airing,original,fall 2019,Caviar,Music,g,6.15,181,0,20255,0,0,08-12-2019,NULL
37403,Ahiru no Sora,NULL,tv,50,finished_airing,manga,fall 2019,Diomedéa,School;Shounen;Sports;Team Sports,pg_13,7.26,93889,3189,1296,0,0,02-10-2019,wednesday
40269,Kengan Ashura Part 2,NULL,ona,12,finished_airing,web_manga,fall 2019,Larx Entertainment,Action;Martial Arts,r,7.66,74010,1495,2086,0,0,31-10-2019,NULL
38414,Re:Zero kara Hajimeru Isekai Seikatsu - Hyouketsu no Kizuna,Re:ZERO -Starting Life in Another World- The Frozen Bond,movie,1,finished_airing,light_novel,fall 2019,White Fox,Drama;Fantasy;Psychological;Suspense,pg_13,7.58,167218,1761,883,0,0,08-11-2019,NULL
42925,Kamu Kamo Shikamo Nidomo Kamo!,NULL,music,1,finished_airing,original,fall 2019,NULL,Kids;Music,g,5.42,110,0,22529,0,0,01-10-2019,NULL
41091,Tanitsu Shikousei Overbloom,NULL,music,1,finished_airing,original,fall 2019,NULL,Music,g,5.53,499,0,15692,0,0,03-12-2019,NULL
41060,"Inochi Sketch"" Movie Jabow x Mameshiba Collab CM""",NULL,cm,1,finished_airing,,fall 2019,NULL,Comedy,g,5.15,191,0,19918,0,0,14-11-2019,NULL
40792,Human Lost feat. J. Balvin,NULL,music,1,finished_airing,original,fall 2019,Polygon Pictures,Music;Sci-Fi,pg_13,5.69,167,0,19971,0,0,10-10-2019,NULL
39194,Shin Chuuka Ichiban!,True Cooking Master Boy,tv,12,finished_airing,manga,fall 2019,Production I.G;Nihon Ad Systems,Comedy;Gourmet;Shounen,pg_13,6.45,4421,7845,6458,0,0,12-10-2019,saturday
41059,Mameshiba x Nanatsu no Taizai Collab CM,Mameshiba x The Seven Deadly Sins Collaboration Commercial,cm,1,finished_airing,,fall 2019,NULL,Comedy,pg_13,5.28,472,0,14024,0,0,25-10-2019,NULL
38276,Houkago Saikoro Club,After School Dice Club,tv,12,finished_airing,manga,fall 2019,LIDENFILMS,CGDCT;Comedy;School;Shounen;Strategy Game,pg_13,6.71,22765,6173,3388,0,0,03-10-2019,thursday
57806,Ameagari,NULL,music,1,finished_airing,original,fall 2019,NULL,Kids;Music,g,0,54,0,25359,0,0,02-12-2019,NULL
57816,Bakebake Night!,NULL,music,1,finished_airing,original,fall 2019,Composition Inc.,Kids;Music;Supernatural,g,0,59,0,25362,0,0,01-10-2019,NULL
45091,Feng Shen Chuanqi,NULL,ona,1,finished_airing,,fall 2019,NULL,Fantasy;Historical,g,0,23,16325,25750,0,0,20-11-2019,NULL
45093,Shi Shi Feng Bao,Monster,movie,1,finished_airing,original,fall 2019,NULL,Fantasy,pg,0,23,20147,25892,0,0,11-10-2019,NULL
44887,Mo Jing Qi Yuan 3,NULL,movie,1,finished_airing,,fall 2019,NULL,Fantasy;Kids,pg,0,22,18653,26247,0,0,14-12-2019,NULL
45027,Ying Huo Qibing 2: Xiao Chong Bu Hao Re,NULL,movie,1,finished_airing,original,fall 2019,NULL,Adventure;Anthropomorphic;Fantasy;Kids,pg,0,22,22029,26270,0,0,12-11-2019,NULL
56169,Tettou,NULL,music,1,finished_airing,original,fall 2019,NHK Art,Kids;Music,g,0,51,0,26200,0,0,01-10-2019,NULL
58332,Mother Goose Ehon,NULL,tv_special,5,finished_airing,other,fall 2019,NULL,Fantasy,g,0,21,18736,26116,0,0,23-12-2019,NULL
45105,Shenhai Tegong Dui: Chao Neng Jing Shi,Deep Sea Rangers: Super Crystals,movie,1,finished_airing,original,fall 2019,NULL,Adventure;Anthropomorphic;Fantasy;Kids;Sci-Fi,pg,0,23,20097,26126,0,0,02-11-2019,NULL
55875,Laundry,NULL,music,1,finished_airing,original,fall 2019,NULL,Music,pg_13,0,63,0,25372,0,0,18-12-2019,NULL
49769,Togemeku Spica,A Stinging Spica,music,1,finished_airing,original,fall 2019,Kamikaze Douga,Kids;Music,g,0,96,0,22822,0,0,NULL,NULL
42078,Hakugin,NULL,music,1,finished_airing,original,winter 2020,Pancake,Drama;Music,pg_13,6.81,1025,0,12980,0,0,28-02-2020,NULL
41409,Wushen Zhuzai,The God of War Dominates,ona,720,currently_airing,web_novel,winter 2020,Ruo Hong Culture;Manhoo Culture,Action;Drama;Fantasy;Historical;Martial Arts,pg_13,7.57,1752,1812,8417,0,0,08-03-2020,NULL
41094,Xian Wang de Richang Shenghuo,The Daily Life of the Immortal King,ona,15,finished_airing,web_novel,winter 2020,Haoliners Animation,Adventure;Comedy;Fantasy;School,pg_13,7.31,180697,2980,683,0,0,18-01-2020,NULL
38668,Dorohedoro,NULL,tv,12,finished_airing,manga,winter 2020,MAPPA,Action;Comedy;Fantasy;Gore;Horror;Seinen,r,8.04,313371,652,393,0,0,13-01-2020,monday
54739,Make Love,NULL,ona,1,finished_airing,original,winter 2020,NULL,Romance;Sci-Fi,g,5.59,393,12594,15727,0,0,08-02-2020,NULL
44259,Next Color Planet,Next Color Planet,music,1,finished_airing,original,winter 2020,NULL,Music,g,6.46,507,0,15885,0,0,22-03-2020,NULL
59572,Chogokin Gundam★Hello Kitty,NULL,ona,1,finished_airing,mixed_media,winter 2020,NULL,Mecha;Sci-Fi,g,5.37,278,13350,16319,0,0,30-01-2020,NULL
41286,Da Wang Bu Gaoxing,The Furious Yama,ona,12,finished_airing,web_manga,winter 2020,Haoliners Animation,Comedy;Fantasy;Mythology;School,pg_13,6.48,1042,7622,9599,0,0,01-01-2020,NULL
56303,Hello Carbot Season 8,NULL,tv,26,finished_airing,original,winter 2020,NULL,Kids;Mecha,pg,0,29,16868,22920,0,0,05-01-2020,NULL
42005,Stand Up! Blaze Up!,NULL,music,1,finished_airing,original,winter 2020,NULL,Music,g,0,101,0,23424,0,0,22-02-2020,NULL
45111,Dongwu Tegong Ju,Spycies,movie,1,finished_airing,original,winter 2020,NULL,Adventure;Fantasy;Kids,pg,0,47,16077,23433,0,0,11-01-2020,NULL
42979,Zhandou Wang Zhi Jufeng Zhan Hun 5: Heti Fanwai Pian,NULL,tv,10,finished_airing,original,winter 2020,Alpha Animation,Action;Kids,pg,0,63,22226,19255,0,0,25-12-2019,NULL
42460,Xing You Ji: Fengbao Famila 2,NULL,ona,1,finished_airing,original,winter 2020,NULL,Action;Adventure;Sci-Fi,NULL,0,101,21791,19192,0,0,28-03-2020,NULL
39049,Jashin-chan Dropkick',Dropkick on My Devil!! Dash,tv,11,finished_airing,web_manga,spring 2020,Nomad,Comedy;Gag Humor;Mythology;Supernatural,pg_13,7.46,23764,2254,3289,0,0,06-04-2020,monday
39730,Houkago Teibou Nisshi,Diary of Our Days at the Breakwater,tv,12,finished_airing,manga,spring 2020,Doga Kobo,CGDCT;Gourmet;Iyashikei;School;Seinen;Slice of Life,pg_13,7.44,29931,2329,2899,0,0,07-04-2020,tuesday
40327,Mewkledreamy,NULL,tv,48,finished_airing,other,spring 2020,J.C.Staff,Adventure;Fantasy;Kids,g,7,1958,4632,7376,0,0,05-04-2020,sunday
40485,Strike the Blood IV,NULL,ova,12,finished_airing,light_novel,spring 2020,Connect,Action;Ecchi;Fantasy;Harem;School;Urban Fantasy;Vampire,r+,6.93,29652,4966,2437,0,0,08-04-2020,NULL
39710,Yesterday wo Utatte,"Sing Yesterday"" for Me""",tv,12,finished_airing,manga,spring 2020,Doga Kobo,Adult Cast;Drama;Love Polygon;Romance;Seinen,pg_13,6.87,151761,5297,832,0,0,05-04-2020,sunday
38799,Koukaku Kidoutai: SAC_2045,Ghost in the Shell: SAC_2045,ona,12,finished_airing,manga,spring 2020,Production I.G;Sola Digital Arts,Adult Cast;Detective;Mecha;Military;Mystery;Sci-Fi;Seinen,r,6.6,11772,6879,4202,0,0,23-04-2020,NULL
41405,Bakugan: Armored Alliance,Bakugan: Armored Alliance,tv,52,finished_airing,original,spring 2020,TMS Entertainment,Action;Fantasy;Strategy Game,pg,5.68,1841,12196,9317,0,0,03-04-2020,friday
41283,Cardfight!! Vanguard Gaiden: If,NULL,tv,25,finished_airing,original,spring 2020,OLM,Action;Adventure;Comedy;Parody;Strategy Game,pg_13,6.5,1809,7484,9241,0,0,30-05-2020,saturday
57794,"Shikakui Namida (April 22, 2020)",NULL,music,1,finished_airing,original,spring 2020,NULL,Music,g,0,46,0,27406,0,0,22-04-2020,NULL
55458,"Hana ni Ame wo, Kimi ni Uta wo","Rain to a Flower, a Song to You",music,1,finished_airing,original,spring 2020,NULL,Music,g,0,64,0,25220,0,0,09-05-2020,NULL
57473,Orb,NULL,music,1,finished_airing,original,spring 2020,NULL,Music,g,0,101,0,19469,0,0,13-06-2020,NULL
41458,Origami Ninja Koyankinte,NULL,tv,0,currently_airing,,spring 2020,Directions,Comedy;Kids,pg,0,30,19169,19244,0,0,07-04-2020,tuesday
55394,Jantama CMs,NULL,cm,0,currently_airing,game,spring 2020,SILVER LINK.;Yostar Pictures,Strategy Game,pg_13,0,50,0,21224,0,0,22-06-2020,NULL
48056,Xiu Rong Zhen,The Town,movie,1,finished_airing,original,spring 2020,NULL,Drama,pg_13,0,45,21899,21103,0,0,15-06-2020,NULL
42170,Mottainai Baasan,Mottainai Grandma,ona,4,finished_airing,picture_book,spring 2020,LIDENFILMS,Slice of Life,g,0,99,18740,20525,0,0,04-06-2020,NULL
42603,Boku no Hero Academia: Ikinokore! Kesshi no Survival Kunren,My Hero Academia: Make It! Do-or-Die Survival Training,ona,2,finished_airing,manga,summer 2020,Bones,Action;School;Shounen;Super Power,pg_13,7.17,102189,3727,1391,0,0,16-08-2020,NULL
40540,Sword Art Online: Alicization - War of Underworld 2nd Season,Sword Art Online: Alicization - War of Underworld Part 2,tv,11,finished_airing,light_novel,summer 2020,A-1 Pictures,Action;Adventure;Fantasy;Video Game,r,7.51,392217,2065,352,0,0,12-07-2020,sunday
41226,Uzaki-chan wa Asobitai!,Uzaki-chan Wants to Hang Out!,tv,12,finished_airing,web_manga,summer 2020,ENGI,Adult Cast;Comedy;Love Status Quo;Romance,pg_13,6.96,283664,4827,476,0,0,10-07-2020,friday
41923,Yi Nian Yong Heng,A Will Eternal,ona,52,finished_airing,web_novel,summer 2020,B.CMAY PICTURES,Action;Adventure;Comedy;Fantasy;Historical;Martial Arts,pg_13,7.95,6124,797,5176,0,0,12-08-2020,NULL
48557,Super Nova Revolu5tar,Super Nova Revolu5tar,music,1,finished_airing,game,summer 2020,NULL,Idols (Male);Music,pg_13,6.05,185,0,19835,0,0,24-07-2020,NULL
50079,Dero,NULL,music,1,finished_airing,original,summer 2020,NULL,Music,pg_13,6.23,164,0,21165,0,0,05-08-2020,NULL
52525,Yaranakya Ikenai Koto Bakari,NULL,music,1,finished_airing,original,summer 2020,NULL,Music,g,5.53,253,0,18688,0,0,09-07-2020,NULL
51429,Maiodore! Maimai Time,Let's Dance! Maimai Time,music,1,finished_airing,other,summer 2020,NULL,Music,g,5.62,372,0,16652,0,0,08-09-2020,NULL
44284,Ai-mai Chocolate,Ai-mai Chocolate,music,1,finished_airing,original,summer 2020,NULL,Music,g,5.82,303,0,17673,0,0,12-07-2020,NULL
48531,Bigbang Reflection!!,Bigbang Reflection!!,music,1,finished_airing,game,summer 2020,Happy Elements,Idols (Male);Music,pg_13,5.98,212,0,19154,0,0,09-07-2020,NULL
41568,ARP Backstage Pass: Paradise,NULL,special,1,finished_airing,other,summer 2020,Dynamo Pictures,Idols (Male);Music,pg_13,5.71,407,12039,13670,0,0,13-07-2020,NULL
41205,Kouya no Kotobuki Hikoutai Kanzenban,The Magnificent Kotobuki,movie,1,finished_airing,original,summer 2020,WAO World;GEMBA,Action;Adventure;Military,pg_13,6.45,401,7831,11120,0,0,11-09-2020,NULL
42593,Kesshouban: Eigakan e Iku,NULL,movie,1,finished_airing,manga,summer 2020,NULL,Anthropomorphic;Comedy,pg_13,5.94,540,10844,9281,0,0,05-09-2020,NULL
44591,Slime-tachi no Idobata Kaigi,NULL,ona,25,finished_airing,light_novel,summer 2020,Maho Film;AQUA ARIS,Comedy;Fantasy,pg_13,5.79,658,11702,12262,0,0,21-08-2020,NULL
42057,Kyoshin to Hyouka no Shiro,"Shiro, the Giant, and the Castle of Ice",ona,4,finished_airing,original,summer 2020,TriF Studio,Drama;Mystery;Supernatural,pg_13,5.64,1283,12411,10299,0,0,08-08-2020,NULL
53365,Untitled World,Untitled World,music,1,finished_airing,game,summer 2020,NULL,Action;Music;Sci-Fi,pg_13,6.63,619,0,14464,0,0,01-07-2020,NULL
50316,Nadame Sukashi Negotiation,NULL,music,1,finished_airing,music,summer 2020,NULL,Music,g,5.89,575,0,14442,0,0,30-07-2020,NULL
42291,Xian Feng Jianyu Lu,NULL,ona,70,finished_airing,novel,summer 2020,Ruo Hong Culture,Action;Fantasy,NULL,6.45,442,7859,13007,0,0,11-07-2020,NULL
57016,Magical: Gongjuleul Usgyeola,NULL,movie,1,finished_airing,original,summer 2020,NULL,Drama;Romance,g,0,15,18270,26503,0,0,17-09-2020,NULL
60324,Tell Me Answer,Tell Me Answer,music,1,finished_airing,original,summer 2020,NULL,Music;Slice of Life,pg_13,0,43,0,28781,0,0,23-08-2020,NULL
45149,Chi Ji Da Zuozhan 3rd Season,NULL,ona,24,finished_airing,game,summer 2020,NULL,Comedy;Parody,pg_13,0,23,15616,25546,0,0,03-07-2020,NULL
63566,The Music,NULL,music,1,finished_airing,original,summer 2020,NULL,Music,g,0,17,0,29743,0,0,01-08-2020,NULL
47475,Wudi Lu Zhandui,Deer Squad,ona,40,finished_airing,original,summer 2020,NULL,Anthropomorphic;Fantasy;Kids,pg,0,23,21357,25349,0,0,15-07-2020,NULL
47717,Bie Re Liumang Tu Ma Xiu 3,Mashimaro 3,ona,70,finished_airing,original,summer 2020,NULL,Anthropomorphic;Comedy;Kids,pg,0,27,15291,24834,0,0,22-07-2020,NULL
59033,Pororo Loopy Moheom,Pororo and Loopy's Adventure,ona,1,finished_airing,original,summer 2020,NULL,Adventure;Anthropomorphic;Kids,g,0,24,19420,26919,0,0,26-09-2020,NULL
40911,Yuukoku no Moriarty,Moriarty the Patriot,tv,11,finished_airing,manga,fall 2020,Production I.G,Adult Cast;Historical;Mystery;Organized Crime;Psychological;Shounen;Suspense,r,8.17,208088,484,509,0,0,11-10-2020,sunday
44236,Senyoku no Sigrdrifa: Dai-909 Senjutsu Hime-tai Sentou Kiroku!,NULL,tv_special,1,finished_airing,original,fall 2020,A-1 Pictures,Action;Military,pg_13,5.93,899,10915,11552,0,0,28-11-2020,NULL
39023,Qin Shi Mingyue: Canghai Hengliu,Qin's Moon: The High Waves of Canghai,ona,23,finished_airing,novel,fall 2020,Sparkly Key Animation Studio,Action;Fantasy;Historical;Martial Arts,pg_13,6.48,143,7659,13846,0,0,08-10-2020,NULL
44513,Wo Shi Da Shenxian,I Am A Great God,ona,16,finished_airing,web_manga,fall 2020,CG Year,Action;Fantasy;Martial Arts,pg_13,6.85,768,5417,12220,0,0,12-11-2020,NULL
42482,Seizei Ganbare! Mahou Shoujo Kurumi 3rd Season,NULL,tv,25,finished_airing,original,fall 2020,Pie in the sky,Comedy;Mahou Shoujo;Parody,g,6.26,173,9033,13508,0,0,07-10-2020,wednesday
44585,Nihon Chinbotsu 2020 Gekijou Henshuuban: Shizumanu Kibou,Japan Sinks 2020 Theatrical Edition: Unsinkable Hope,movie,1,finished_airing,novel,fall 2020,Science SARU,Adventure;Drama;Sci-Fi;Suspense,r,6.64,347,6653,13868,0,0,13-11-2020,NULL
43712,Tell the Story to You,NULL,special,2,finished_airing,original,fall 2020,Flat Studio,Music,pg_13,6.2,192,9369,18505,0,0,10-10-2020,NULL
52529,"Kimi to, Kono Shunkan",NULL,music,1,finished_airing,original,fall 2020,NULL,Music,g,5.54,253,0,18658,0,0,10-11-2020,NULL
43288,Tsukiusa. Gekijou,NULL,ona,12,finished_airing,other,fall 2020,NULL,Comedy,pg_13,6.03,113,10387,17318,0,0,07-10-2020,NULL
53254,Robomi,NULL,music,1,finished_airing,game,fall 2020,CygamesPictures,Fantasy;Mecha;Music,g,5.89,205,0,17555,0,0,14-12-2020,NULL
45053,Philip,NULL,music,1,finished_airing,original,fall 2020,PERIMETRON;Mimoid,Action;Music,r,6.31,319,0,17605,0,0,02-10-2020,NULL
45108,One of Us,NULL,music,1,finished_airing,mixed_media,fall 2020,NULL,Music,g,6.34,311,0,17147,0,0,19-10-2020,NULL
43444,Boukentai: Mori no Yuusha,Adventuring Party: Hero of Forest,music,1,finished_airing,original,fall 2020,NULL,Drama;Music,g,6.4,316,0,17126,0,0,14-10-2020,NULL
50062,Tadashiku Narenai,Can't Be Right,music,1,finished_airing,original,fall 2020,NULL,Music;Psychological;Suspense,pg_13,6.41,344,0,16851,0,0,17-12-2020,NULL
50033,Loveit,NULL,music,1,finished_airing,original,fall 2020,NULL,Music,pg_13,6.58,346,0,16874,0,0,16-10-2020,NULL
48764,Neo-Neon,Neo-Neon,music,1,finished_airing,original,fall 2020,OTOIRO,Music,pg_13,6.32,358,0,16904,0,0,27-11-2020,NULL
44270,He Wei Dao x Hui Yeda Xiaojie Xiangyao Wo Gaobai,He Wei Dao x Kaguya-sama: Love is War,cm,2,finished_airing,manga,fall 2020,A-1 Pictures,Comedy;Romance;School,g,6.96,6824,0,6025,0,0,18-10-2020,NULL
35960,Kud Wafter,NULL,ova,1,finished_airing,visual_novel,fall 2020,J.C.Staff,Comedy;Romance;School,pg_13,6.96,5091,4807,5320,0,0,28-11-2020,NULL
40974,Kuma Kuma Kuma Bear,Kuma Kuma Kuma Bear,tv,12,finished_airing,light_novel,fall 2020,EMT Squared,Adventure;Comedy;Fantasy;Isekai,pg_13,7.23,92684,3413,1468,0,0,07-10-2020,wednesday
55005,Munou na Nana Mini Anime: Yaminabe Party,Talentless Nana Mini Anime: Yaminabe Party,special,1,finished_airing,manga,fall 2020,Bridge,Comedy;Gourmet;Shounen;Supernatural,pg_13,5.59,792,12598,11136,0,0,23-12-2020,NULL
42832,Tales of Crestoria: Toga Waga wo Shoite Kare wa Tatsu,Tales of Crestoria: The Wake of Sin,tv_special,1,finished_airing,game,fall 2020,Kamikaze Douga,Adventure;Fantasy,pg_13,6.57,1629,7098,10488,0,0,18-10-2020,NULL
40085,Maesetsu!,Maesetsu! Opening Act,tv,12,finished_airing,original,fall 2020,Studio Gokumi;AXsiZ,CGDCT;Comedy;Performing Arts;Showbiz,pg_13,5.82,4130,11510,6450,0,0,11-10-2020,sunday
49882,Akogare Ranraran,NULL,music,1,finished_airing,other,winter 2021,NULL,Music,g,6.28,515,0,15170,0,0,04-03-2021,NULL
45595,Baten Kaitos,Eternal Wings,music,2,finished_airing,original,winter 2021,A-1 Pictures,Music,pg_13,6.75,623,0,13468,0,0,28-03-2021,NULL
49112,Amemiya-san,NULL,ona,3,finished_airing,other,winter 2021,NULL,Comedy,g,6.43,628,7931,13026,0,0,09-03-2021,NULL
48439,Boy,NULL,music,1,finished_airing,original,winter 2021,NULL,Music,g,6.64,693,0,14295,0,0,09-03-2021,NULL
51090,Nag,Nag,music,1,finished_airing,original,winter 2021,NULL,Music,pg_13,6.25,123,0,22362,0,0,25-03-2021,NULL
48576,Hachimitsu Suicide Machine,NULL,ona,1,finished_airing,original,winter 2021,Usagi Ou,Horror,pg_13,5.23,440,13704,14089,0,0,26-03-2021,NULL
48432,e-ma Nodo Ame CMs,NULL,cm,3,finished_airing,original,winter 2021,NULL,Music,g,5.15,371,0,16054,0,0,12-02-2021,NULL
51466,Sekai ga Horobiru Mae ni Kimi ni Aitai,"World, Before You End",movie,1,finished_airing,original,winter 2021,Studio Kingyoiro,Drama;Romance;Sci-Fi,pg_13,4.94,855,14170,11381,0,0,06-02-2021,NULL
58132,Shiroi Iki wa Kimi no Kemuri,NULL,music,1,finished_airing,original,winter 2021,NULL,Music,g,0,53,0,26523,0,0,12-03-2021,NULL
59546,Anata no Shiranai Boku ga Iru feat. Motohiro Hata,NULL,music,1,finished_airing,original,winter 2021,cogitoworks,Music,g,0,56,0,26330,0,0,10-03-2021,NULL
47425,Bessatsu Kamen Rider Saber: Tanpen Katsudou Manga Shuu,NULL,ona,6,finished_airing,other,winter 2021,NULL,Comedy,pg_13,0,100,15269,19796,0,0,01-02-2021,NULL
44702,Kintamani Dog,NULL,tv,50,finished_airing,original,winter 2021,Kachidoki Studio,Slice of Life,g,0,53,17761,19638,0,0,14-01-2021,NULL
51635,Kenda Master Ken,Kenda Master Ken,movie,1,finished_airing,original,winter 2021,Studio Kingyoiro,Comedy,pg_13,0,60,17697,20639,0,0,28-02-2021,NULL
49920,Sai Er Hao Season 11: Liekong Canghai,NULL,tv,30,finished_airing,game,winter 2021,NULL,Kids,pg,0,37,19796,22677,0,0,08-01-2021,NULL
46630,Jue Ding,Jueding,ona,26,finished_airing,manga,winter 2021,Seven Stone Entertainment,Comedy;Historical,pg_13,0,108,17470,16453,0,0,06-02-2021,NULL
41918,Juan Siliang,The Island of Siliang,ona,15,finished_airing,original,spring 2021,Wulifang;Year Young Culture,Action;Fantasy,pg_13,7.53,1041,1972,11128,0,0,14-06-2021,NULL
51605,Mado wo Akete,Open the Window,music,1,finished_airing,other,spring 2021,CLAP,Music,g,6.87,509,0,14848,0,0,28-06-2021,NULL
41456,"Sentouin, Haken shimasu!",Combatants Will Be Dispatched!,tv,12,finished_airing,light_novel,spring 2021,J.C.Staff,Action;Comedy;Fantasy;Isekai,pg_13,7.13,196133,3989,636,0,0,04-04-2021,sunday
51511,Yuukei,NULL,music,1,finished_airing,original,spring 2021,NULL,Music;Slice of Life,pg_13,6,118,0,22327,0,0,01-06-2021,NULL
53501,Kusatsu-eki Kara,NULL,cm,1,finished_airing,original,spring 2021,LB Commerce,Slice of Life,g,5.88,110,0,22460,0,0,11-06-2021,NULL
51454,Wanna,NULL,music,1,finished_airing,original,spring 2021,NULL,Music,pg_13,5.98,119,0,22763,0,0,28-04-2021,NULL
49127,Parila,Parila,music,1,finished_airing,original,spring 2021,NULL,Music,g,5.92,110,0,22909,0,0,09-04-2021,NULL
52996,Kkeutnal-ui Bam,The Doom's Night,ona,1,finished_airing,mixed_media,spring 2021,Studio Pivote,Fantasy;Idols (Male);Music,pg_13,5.78,142,11742,19481,0,0,18-04-2021,NULL
49054,Eureka,NULL,music,1,finished_airing,original,spring 2021,NULL,Music;Psychological,pg_13,5.62,220,0,19044,0,0,23-04-2021,NULL
55594,Chocosanji,Snack Time!,ona,12,finished_airing,other,spring 2021,NULL,Comedy,pg_13,5.57,172,12670,17996,0,0,29-04-2021,NULL
50748,Aisou ze!,Let's Love,music,1,finished_airing,other,spring 2021,Mirai Film,Avant Garde;Music,g,5.59,265,0,18082,0,0,14-04-2021,NULL
49501,Katarina Nounai Kaigi X,NULL,ona,23,finished_airing,light_novel,spring 2021,AQUA ARIS,Comedy;Isekai;Villainess,pg_13,5.75,1150,11869,9130,0,0,21-06-2021,NULL
47391,Seven Knights Revolution: Eiyuu no Keishousha,Seven Knights Revolution: Hero Successor,tv,12,finished_airing,game,spring 2021,LIDENFILMS;domerica,Action;Adventure;Fantasy,r,6.3,24557,8773,3130,0,0,05-04-2021,monday
42307,Subarashiki Kono Sekai The Animation,The World Ends with You The Animation,tv,12,finished_airing,game,spring 2021,Shin-Ei Animation;domerica,Action;High Stakes Game;Mystery;Suspense,pg_13,6.15,24108,9682,2785,0,0,10-04-2021,saturday
45587,Itazuraguma no Gloomy,GLOOMY The Naughty Grizzly,tv,12,finished_airing,other,spring 2021,NAZ,Comedy;Gore,r,5.29,4277,13561,7424,0,0,12-04-2021,monday
53500,Nouvel Instrument,NULL,music,1,finished_airing,original,spring 2021,LB Commerce,Music,g,0,79,0,24732,0,0,23-06-2021,NULL
55605,Reincarnation,NULL,music,1,finished_airing,original,spring 2021,NULL,Avant Garde;Fantasy;Music,g,0,77,0,24811,0,0,12-05-2021,NULL
56360,Poten Dogs,PotenDogs,tv,18,finished_airing,original,spring 2021,NULL,Action;Kids;Sci-Fi;Super Power,pg,0,30,19437,24696,0,0,29-03-2021,NULL
56091,Wake Me Up,NULL,music,1,finished_airing,original,spring 2021,NULL,Music,pg_13,0,73,0,24703,0,0,22-06-2021,NULL
55103,Kinkyuu Hinan Sokuhou,Evacuation Early Warning,music,1,finished_airing,original,spring 2021,NULL,Music,pg_13,0,82,0,24540,0,0,14-04-2021,NULL
54001,Love My Friends,NULL,music,1,finished_airing,original,spring 2021,NULL,Music,g,0,81,0,24291,0,0,13-04-2021,NULL
51965,Xue Yu Huo: Xin Zhongguo Shi Zheyang Lian Cheng De,NULL,ona,30,finished_airing,other,spring 2021,NULL,Drama;Historical;Military,pg_13,0,28,21926,24174,0,0,01-06-2021,NULL
52960,Humming Bird,NULL,music,1,finished_airing,original,spring 2021,NULL,Music,g,0,85,0,23787,0,0,08-04-2021,NULL
51759,Menghuan Shuyuan: Kexue Xiao Jizhe,Menghuan Shuyuan 5th Season,ona,12,finished_airing,game,spring 2021,NULL,Comedy;Fantasy,NULL,0,35,18479,23738,0,0,12-04-2021,NULL
56092,Orbit,NULL,music,1,finished_airing,original,spring 2021,NULL,Music,pg_13,0,73,0,23677,0,0,20-05-2021,NULL
52715,Hudie Guojiang,Butterfly Jam,movie,1,finished_airing,original,spring 2021,NULL,Drama,pg_13,0,44,17105,23633,0,0,14-06-2021,NULL
56264,Chuldong! Super Wings 5,Super Wings 5,tv,40,finished_airing,original,spring 2021,Funny Flux,Adventure;Anthropomorphic;Kids,pg,0,45,15728,23783,0,0,29-03-2021,NULL
52939,Kangaroo wa Doko ni Itta no ka,NULL,music,1,finished_airing,music,spring 2021,NULL,Music,g,0,86,0,23823,0,0,17-04-2021,NULL
58460,Nissin x Matsuo no Anime,NULL,cm,5,finished_airing,original,spring 2021,NULL,Anthropomorphic;Comedy;Gourmet,g,0,62,0,24127,0,0,07-04-2021,NULL
57342,Power of 'Love',NULL,pv,1,finished_airing,other,spring 2021,NULL,Idols (Male);Music,g,0,84,0,24031,0,0,17-05-2021,NULL
55671,Dokuhaku,Monologue,music,1,finished_airing,original,spring 2021,NULL,Music,pg_13,0,88,0,23914,0,0,23-06-2021,NULL
59339,2002 Civic,NULL,music,1,finished_airing,original,spring 2021,NULL,Music,g,0,88,0,23850,0,0,26-05-2021,NULL
59680,Momoume Specials,NULL,special,2,finished_airing,original,spring 2021,CUEBiC,Comedy;Workplace,pg_13,0,17,18710,25024,0,0,30-06-2021,NULL
59147,Tobot V: Ujusuhodae,Tobot: Galaxy Detectives Season 3,tv,32,finished_airing,original,spring 2021,NULL,Kids;Mecha;Sci-Fi,pg,0,18,20888,26874,0,0,26-05-2021,NULL
60923,Bei Ken Xiong 5th Season,NULL,ona,52,finished_airing,original,spring 2021,NULL,Adventure;Comedy;Kids;Sci-Fi,g,0,21,15245,27027,0,0,01-05-2021,NULL
57482,Hana ni Ame,NULL,music,1,finished_airing,original,spring 2021,NULL,Music,g,0,58,0,26354,0,0,10-04-2021,NULL
56584,Sseulegiui Seom,The Isle Of Trashes,movie,1,finished_airing,original,spring 2021,NULL,Drama,pg_13,0,29,20552,26133,0,0,NULL,NULL
49275,Renou Xueyuan,Elf Academy,ona,10,finished_airing,game,summer 2021,Painting Dream,Comedy,pg_13,7.35,1042,2756,11841,0,0,10-07-2021,NULL
49433,Youxia Zhanji,NULL,ona,20,finished_airing,novel,summer 2021,Tong Mingxuan Studio,Action;Adventure;Fantasy,pg_13,6.16,170,9615,16041,0,0,27-07-2021,NULL
49994,Yakou wo Yobu,NULL,music,1,finished_airing,original,summer 2021,NULL,Music,g,6.1,184,0,20392,0,0,25-09-2021,NULL
50422,Light Catcher,Light Catcher,music,1,finished_airing,original,summer 2021,Pb Animation,Music;Sci-Fi,g,6.47,178,0,20358,0,0,21-09-2021,NULL
52579,From Tokyo,NULL,music,1,finished_airing,original,summer 2021,Hurray!,Music,pg_13,6.12,175,0,20540,0,0,23-07-2021,NULL
50216,Nani Yatte mo Umaku Ikanai,Nothing's Working Out,music,1,finished_airing,original,summer 2021,NULL,Music,pg_13,6.06,179,0,20658,0,0,26-09-2021,NULL
54127,"Shousetsu Tokimori-tachi no Last Dance"" ""Tanabata no Yoru ni Okaeri"" PV""",NULL,pv,1,finished_airing,novel,summer 2021,NULL,Mahou Shoujo,g,5.77,153,0,20661,0,0,14-09-2021,NULL
57108,Standing By You,Standing By You,music,1,finished_airing,original,summer 2021,NULL,Music,g,6.1,170,0,20301,0,0,11-08-2021,NULL
56770,Holidays!,NULL,music,1,finished_airing,original,summer 2021,NULL,Music,g,6.12,198,0,20176,0,0,16-09-2021,NULL
56744,Zero no Ashiato,NULL,music,1,finished_airing,original,summer 2021,NULL,Fantasy;Music,g,6.31,209,0,19724,0,0,02-09-2021,NULL
56962,Jibun Katte Dazzling,Selfish Dazzling,music,1,finished_airing,original,summer 2021,NULL,Music,pg_13,6.36,212,0,19800,0,0,21-08-2021,NULL
52230,Blink in the Desert,NULL,movie,1,finished_airing,original,summer 2021,NULL,Horror,r,5.95,132,10773,19855,0,0,03-08-2021,NULL
58032,HololiveEN PVs,HololiveEN PVs,pv,2,finished_airing,original,summer 2021,Ijigen Tokyo,Mystery,pg_13,6.12,233,0,18182,0,0,31-07-2021,NULL
49600,Bad Habits,NULL,music,1,finished_airing,original,summer 2021,CALF,Music;Vampire,pg_13,5.97,298,0,18060,0,0,11-08-2021,NULL
49683,Subarashii Shin Sekai,Brave New World,music,1,finished_airing,original,summer 2021,NULL,Music;Romance,pg_13,6.32,205,0,18567,0,0,18-08-2021,NULL
50882,Selepro-chan! Gekijou,NULL,ona,13,finished_airing,mixed_media,summer 2021,Doga Kobo,Comedy;Idols (Female),pg_13,5.93,139,10914,18819,0,0,29-09-2021,NULL
56757,Everlasting Soul,NULL,music,1,finished_airing,original,summer 2021,NULL,Music,pg_13,6.55,228,0,19388,0,0,09-09-2021,NULL
49848,Magia Record: Mahou Shoujo Madoka☆Magica Gaiden 2nd Season - Kakusei Zenya Recap,NULL,tv_special,1,finished_airing,game,summer 2021,Shaft,Drama;Psychological;Suspense,pg_13,6.18,1590,9481,8928,0,0,19-09-2021,NULL
46471,"Tantei wa Mou, Shindeiru.",The Detective Is Already Dead,tv,12,finished_airing,light_novel,summer 2021,ENGI,Comedy;Detective;Mystery;Romance,pg_13,6.43,156477,7985,657,0,0,04-07-2021,sunday
48252,"Ore, Tsushima","I, Tsushima",tv,12,finished_airing,manga,summer 2021,Fanworks;Space Neko Company,Comedy;Pets;Seinen,pg_13,6.93,8676,4957,5416,0,0,02-07-2021,saturday
50206,Takano Kousaten,Takano Intersection,movie,1,finished_airing,original,summer 2021,NULL,Award Winning;Slice of Life,pg_13,6.81,934,5619,12761,0,0,17-09-2021,NULL
48411,Aria the Benedizione,NULL,movie,1,finished_airing,manga,fall 2021,J.C.Staff,Iyashikei;Sci-Fi;Shounen;Slice of Life,pg_13,7.97,4269,757,6752,0,0,03-12-2021,NULL
48453,Super Crooks,Super Crooks,ona,13,finished_airing,other,fall 2021,Bones,Action;Adult Cast;Drama;Super Power;Suspense,pg_13,7.21,45186,3538,2289,0,0,25-11-2021,NULL
42544,Kaizoku Oujo,Fena: Pirate Princess,tv,12,finished_airing,original,fall 2021,Production I.G,Action;Adventure;Fantasy;Historical,pg_13,7.08,75802,4247,1231,0,0,03-10-2021,sunday
48556,Takt Op. Destiny,Takt Op. Destiny,tv,12,finished_airing,mixed_media,fall 2021,Madhouse;MAPPA,Action;Fantasy;Music;Sci-Fi;Urban Fantasy,pg_13,7.16,236462,3821,435,0,0,06-10-2021,wednesday
50581,Binghuo Mochu,The Magic Chef of Ice and Fire,ona,52,finished_airing,manga,fall 2021,Joicy Studio,Action;Adventure;Fantasy,pg_13,7.19,1150,3623,10350,0,0,11-12-2021,NULL
50503,Condom Battler Gorou: Revive,NULL,ona,2,finished_airing,original,fall 2021,NULL,Action;Comedy;Parody,pg_13,5.65,313,12341,16268,0,0,29-11-2021,NULL
49184,Gunma-chan,NULL,tv,13,finished_airing,other,fall 2021,Ascension,Slice of Life,g,5.95,191,10787,14854,0,0,03-10-2021,sunday
55977,Shuumatsu no Walküre Mini Anime (Cartoon Network Nite),Record of Ragnarok Mini Anime (Cartoon Network Nite),tv,12,finished_airing,manga,fall 2021,AQUA ARIS,Action;Comedy;Seinen,pg_13,5.96,229,10750,15021,0,0,03-10-2021,saturday
49402,Koukaku Kidoutai: SAC_2045 - Jizoku Kanou Sensou,Ghost in the Shell: SAC_2045 - Sustainable War,movie,1,finished_airing,manga,fall 2021,Production I.G;Sola Digital Arts,Adult Cast;Detective;Mecha;Military;Mystery;Sci-Fi;Seinen,r+,6.54,1728,7259,8179,0,0,12-11-2021,NULL
38192,Sakugan,Sakugan,tv,12,finished_airing,novel,fall 2021,Satelight,Adventure;Childcare;Mecha;Sci-Fi,pg_13,6.51,34399,7467,2244,0,0,07-10-2021,thursday
44037,"Shin no Nakama ja Nai to Yuusha no Party wo Oidasareta node, Henkyou de Slow Life suru Koto ni Shimashita","Banished From The Hero's Party, I Decided To Live A Quiet Life In The Countryside",tv,13,finished_airing,light_novel,fall 2021,Studio Flad;Wolfsbane,Fantasy;Romance,pg_13,6.91,187476,5067,698,0,0,06-10-2021,wednesday
48567,Visual Prison,Visual Prison,tv,12,finished_airing,original,fall 2021,A-1 Pictures,Music;Supernatural;Vampire,pg_13,6.73,10660,6076,3785,0,0,09-10-2021,saturday
54151,Question,Question,music,1,finished_airing,original,fall 2021,NULL,Music,g,0,82,0,24331,0,0,12-12-2021,NULL
58347,Otsu Charisma! Bounenkai,NULL,music,1,finished_airing,original,fall 2021,NULL,Adult Cast;Music,pg_13,0,72,0,24328,0,0,13-12-2021,NULL
58331,Mizuki Shigeru no Youkai Ehon Yose,NULL,tv_special,2,finished_airing,original,fall 2021,NULL,Horror;Supernatural,pg,0,32,18637,23638,0,0,24-12-2021,NULL
53207,Anata Yuzuri,NULL,music,1,finished_airing,original,fall 2021,NULL,Music,g,0,92,0,23692,0,0,07-12-2021,NULL
51760,Menghuan Shuyuan 6th Season,Menghuan Shuyuan 6th Season,ona,12,finished_airing,game,fall 2021,NULL,Comedy;Fantasy,NULL,0,33,18473,23867,0,0,25-10-2021,NULL
58346,Mizuki Shigeru no Youkai Ehon: Shokoku Manyuu-hen,NULL,tv_special,4,finished_airing,original,fall 2021,NULL,Horror;Supernatural,pg,0,31,18638,23892,0,0,20-12-2021,NULL
55427,Reception,Reception,music,1,finished_airing,original,fall 2021,NULL,Music,pg_13,0,88,0,24587,0,0,26-11-2021,NULL
55668,Izqnqi,NULL,music,1,finished_airing,original,fall 2021,NULL,Music,g,0,75,0,24647,0,0,27-10-2021,NULL
55104,SOS! Chao Wei Zhichang Ren,NULL,ona,7,finished_airing,original,fall 2021,NULL,Comedy;Workplace,pg_13,0,29,20517,24940,0,0,10-12-2021,NULL
56573,Space Donguibogam,NULL,tv,26,finished_airing,original,fall 2021,NULL,Adventure;Kids,pg,0,16,20528,25477,0,0,03-11-2021,NULL
58311,Charisma 1-shuukan,NULL,music,1,finished_airing,original,fall 2021,NULL,Adult Cast;Music,pg_13,0,82,0,23726,0,0,01-11-2021,NULL
56199,Run to Run,NULL,music,1,finished_airing,original,fall 2021,Maxilla,Idols (Female);Music,pg_13,0,91,0,24034,0,0,03-12-2021,NULL
57809,Echoes of Silence,NULL,music,1,finished_airing,original,fall 2021,Khaki,Music;Sci-Fi,r+,0,83,0,23915,0,0,21-12-2021,NULL
50292,Shouji Li de Huanxiong Xiao Zhen 2nd Season,Raccoon Town in the Phone 2nd Season,ona,26,finished_airing,web_manga,fall 2021,TthunDer Animation,Comedy;Kids,pg_13,0,34,20278,24068,0,0,29-10-2021,NULL
62160,Kino Shield Anime CM,NULL,cm,1,finished_airing,original,fall 2021,NULL,Survival;Suspense,g,0,51,0,26843,0,0,05-11-2021,NULL
50510,Chinzei Hachirou Tametomo (2021),NULL,ona,13,finished_airing,original,fall 2021,Production I.G,Action;Adventure;Comedy;Historical,pg_13,0,87,15671,17533,0,0,02-12-2021,NULL
56290,Sinbi Apartment: Ghost Ball Z,NULL,tv,24,finished_airing,original,fall 2021,Studio BAZOOKA,Fantasy;Kids,g,0,55,20403,22077,0,0,16-09-2021,NULL
52716,Goku Yoru,Depths of Night,movie,1,finished_airing,original,fall 2021,NULL,Drama;Psychological,pg_13,0,62,16565,22253,0,0,13-11-2021,NULL
50271,Hua Jianghu: Bu Liang Ren V,The Degenerate-Drawing Jianghu 5,ona,12,finished_airing,original,winter 2022,Rocen,Action;Drama;Fantasy;Historical;Martial Arts;Romance,pg_13,6.92,210,4987,15247,0,0,20-01-2022,NULL
48405,Totsukuni no Shoujo (2022),The Girl From the Other Side,ova,1,finished_airing,manga,winter 2022,Wit Studio,Shounen;Supernatural,pg_13,7.58,18926,1771,3345,0,0,10-03-2022,NULL
47159,Tensai Ouji no Akaji Kokka Saisei Jutsu,The Genius Prince's Guide to Raising a Nation Out of Debt,tv,12,finished_airing,light_novel,winter 2022,Yokohama Animation Lab,Comedy;Fantasy,pg_13,7.38,154287,2622,839,0,0,11-01-2022,tuesday
53861,Ryuukyuu Timeline 2: Tedako no Machi Tanbou,Ryukyu Timeline 2: Searching for the City of the Tedako,ona,1,finished_airing,other,winter 2022,Gyorai Eizo Inc.,Fantasy;Historical;Time Travel,g,5.52,342,12877,14824,0,0,21-02-2022,NULL
51513,Kruel Kreator,NULL,music,1,finished_airing,original,winter 2022,NULL,Music,pg_13,6.21,227,0,19315,0,0,04-03-2022,NULL
51233,Darkroom,NULL,music,1,finished_airing,original,winter 2022,Mimoid,Avant Garde;Music,pg_13,6.2,224,0,19351,0,0,11-03-2022,NULL
51442,Mermaid,Mermaid,music,1,finished_airing,original,winter 2022,NULL,Music,g,6.13,140,0,21031,0,0,16-02-2022,NULL
51465,Jantama Pong☆ Web Special,NULL,ona,1,finished_airing,game,winter 2022,Scooter Films,Comedy,pg_13,5.49,809,12962,13162,0,0,29-03-2022,NULL
51300,SpoGomi: World Cup Exhibition Match-hen,SpoGomi: World Cup Exhibition Match Arc,ona,1,finished_airing,original,winter 2022,AION Studio,Sports,g,5.47,260,13030,15464,0,0,17-03-2022,NULL
50411,Xiao Mo Tou Baolu La!,Busted! Darklord.,ona,13,finished_airing,web_manga,winter 2022,Wawayu Animation,Comedy;Fantasy,pg_13,6.59,1353,6976,8390,0,0,15-01-2022,NULL
37914,Chikyuugai Shounen Shoujo,The Orbital Children,ona,6,finished_airing,original,winter 2022,Production +h.,Sci-Fi;Space,pg_13,6.81,18764,5579,3834,0,0,28-01-2022,NULL
42072,Kenja no Deshi wo Nanoru Kenja,She Professed Herself Pupil of the Wise Man,tv,12,finished_airing,light_novel,winter 2022,Studio A-CAT,Adventure;Fantasy;Isekai;Magical Sex Shift,pg_13,6.33,58476,8560,1829,0,0,12-01-2022,wednesday
55337,Samishii Hito,Lonely,music,1,finished_airing,music,winter 2022,NULL,Music,pg_13,0,101,0,23842,0,0,25-03-2022,NULL
53374,Baby Tayo Dong-yo,Baby Tayo Songs,music,10,finished_airing,original,winter 2022,NULL,Kids;Music,pg,0,63,0,23909,0,0,12-01-2022,NULL
58273,Watashi no Saigo no Hi,My Last Day,music,1,finished_airing,original,winter 2022,NULL,Music,g,0,90,0,23804,0,0,10-03-2022,NULL
56083,Sugu Uma Cup Misoshiru CM,Sugu Umami Cup Miso Soup CM,cm,1,finished_airing,other,winter 2022,NULL,Music,g,0,92,0,23534,0,0,28-02-2022,NULL
56265,Chuldong! Super Wings 6,Super Wings 6,tv,40,finished_airing,original,winter 2022,Funny Flux,Adventure;Anthropomorphic;Kids,pg,0,41,15729,23489,0,0,28-02-2022,NULL
54090,Hoshizora no Suizokukan,NULL,movie,1,finished_airing,,winter 2022,D & D Pictures,Kids;Sci-Fi;Space,NULL,0,19,17025,24889,0,0,19-03-2022,NULL
56825,Utsurobune,NULL,music,1,finished_airing,original,winter 2022,NULL,Avant Garde;Music,g,0,74,0,24995,0,0,26-01-2022,NULL
59151,Wudi Lu Zhandui 2nd Season,Deer Squad 2nd Season,ona,20,finished_airing,original,winter 2022,NULL,Anthropomorphic;Fantasy;Kids,pg,0,15,21358,28068,0,0,14-01-2022,NULL
60822,Nai Long,NULL,ona,288,finished_airing,original,winter 2022,NULL,Adventure;Fantasy;Kids,pg,0,10,18841,29024,0,0,01-01-2022,NULL
61313,Oshiri Tantei: Yume no Jumbo Sweet Potato Matsuri,NULL,movie,1,finished_airing,picture_book,winter 2022,Toei Animation;Gallop,Anthropomorphic;Comedy;Kids,pg,0,11,19197,27617,0,0,18-03-2022,NULL
62142,Bingqiu Xuanfeng,NULL,tv,26,finished_airing,original,winter 2022,CCTV Animation Group,Sports;Team Sports,pg,0,11,15316,27091,0,0,30-01-2022,other
57011,Ano ne,NULL,music,1,finished_airing,original,winter 2022,NULL,Music,g,0,38,0,29328,0,0,30-03-2022,NULL
59797,Stage by Stage,NULL,pv,1,finished_airing,original,winter 2022,Production I.G,Music,pg_13,0,23,0,29677,0,0,08-02-2022,NULL
56198,Isei no Shimai,Sisters from Another Planet,ona,1,finished_airing,original,winter 2022,NULL,Sci-Fi,pg_13,0,12,17225,29697,0,0,14-01-2022,NULL
51211,Go! Go! Tokyo MER: Kinkyuujitai to Tatakau Nakama-tachi,NULL,ona,0,currently_airing,other,winter 2022,FUNNY MOVIE,Comedy;Workplace,g,0,42,16553,22409,0,0,05-01-2022,NULL
50790,Maji de Wakaru! Waccha PriMagi Gakuen,NULL,special,1,finished_airing,original,winter 2022,Tatsunoko Production;Dongwoo A&E,Comedy;Idols (Female);Music,g,0,85,18287,18854,0,0,09-01-2022,NULL
57828,Mashin Eiyuuden Wataru: Shichikon no Ryuujinmaru - Saikai,NULL,movie,1,finished_airing,,winter 2022,Sunrise,Adventure;Comedy;Mecha,g,0,31,18370,21801,0,0,07-01-2022,NULL
51880,Xi Yangyang Yu Hui Tailang: Kuang Chu Weilai,Pleasant Goat and Big Big Wolf: Dunk For Future,movie,1,finished_airing,original,winter 2022,NULL,Comedy;Sports;Team Sports,pg,0,54,21410,21787,0,0,01-02-2022,NULL
50380,Paripi Koumei,Ya Boy Kongming!,tv,12,finished_airing,web_manga,spring 2022,P.A. Works,Adult Cast;Comedy;Music;Reincarnation;Showbiz,pg_13,8.09,159053,587,844,0,0,05-04-2022,tuesday
49160,Shachiku-san wa Youjo Yuurei ni Iyasaretai.,Miss Shachiku and the Little Baby Ghost,tv,12,finished_airing,manga,spring 2022,Project No.9,Comedy;Shounen;Supernatural;Workplace,pg_13,7.12,14486,4058,3845,0,0,07-04-2022,thursday
48675,Kakkou no Iinazuke,A Couple of Cuckoos,tv,24,finished_airing,manga,spring 2022,SynergySP;Shin-Ei Animation,Comedy;Harem;Romance;Shounen,pg_13,6.85,132900,5382,821,0,0,24-04-2022,sunday
50461,Otome Game Sekai wa Mob ni Kibishii Sekai desu,Trapped in a Dating Sim: The World of Otome Games is Tough for Mobs,tv,12,finished_airing,light_novel,spring 2022,ENGI,Fantasy;Harem;Isekai;Mecha;Reincarnation;Romance;School,pg_13,7.31,196268,2963,719,0,0,03-04-2022,sunday
39489,Spriggan (ONA),NULL,ona,6,finished_airing,manga,spring 2022,David Production,Action;Adventure;Military;Sci-Fi;Shounen,r,6.84,19662,5463,3317,0,0,18-06-2022,NULL
41915,Zuihou de Zhaohuan Shi,The Last Summoner,ona,12,finished_airing,web_manga,spring 2022,ASK Animation Studio,Action;Adventure;Drama;Fantasy;Harem,pg_13,6.52,15534,7410,2769,0,0,26-04-2022,NULL
47777,Toku: Touken Ranbu - Hanamaru - Setsugetsuka,Touken Ranbu - Hanamaru Season 3,movie,3,finished_airing,game,spring 2022,Doga Kobo,Action;Comedy;Fantasy;Historical,pg_13,7.09,609,4217,8985,0,0,20-05-2022,NULL
51782,Meitantei Conan: Honchou no Keiji Koi Monogatari - Kekkon Zenya,Detective Conan: Love Story at Police Headquarters - Wedding Eve,special,1,finished_airing,manga,spring 2022,TMS Entertainment,Adventure;Comedy;Detective;Mystery;Romance;Shounen,pg_13,7.09,1003,4199,11734,0,0,15-04-2022,NULL
51685,Zombie-ga Doeeo Beorin Naui Ttal,My Daughter is a Zombie,tv,26,finished_airing,web_manga,spring 2022,Durufix,Comedy;Gag Humor;Supernatural,pg_13,5.94,227,10871,9796,0,0,03-04-2022,NULL
50607,Yu☆Gi☆Oh! Go Rush!!,Yu-Gi-Oh! Go Rush!!,tv,151,finished_airing,card_game,spring 2022,Bridge,Action;Fantasy;Strategy Game,pg_13,6.18,1560,9506,7894,0,0,03-04-2022,sunday
54335,Tokyo Kouya,NULL,music,1,finished_airing,original,spring 2022,NULL,Drama;Music,g,0,98,0,23481,0,0,12-05-2022,NULL
51367,JoJo no Kimyou na Bouken Part 6: Stone Ocean Part 2,JoJo's Bizarre Adventure: Stone Ocean Part 2,ona,12,finished_airing,manga,summer 2022,David Production,Action;Adventure;Shounen;Super Power,r,8.04,212012,656,802,0,0,01-09-2022,NULL
53071,Hidden Region,Hidden Region,music,1,finished_airing,game,summer 2022,Flat Studio,Detective;Idols (Male);Music;Mystery,pg_13,6.43,389,0,16436,0,0,17-09-2022,NULL
53135,Shadowverse Flame Recaps,Shadowverse Flame Special Episodes,tv_special,2,finished_airing,card_game,summer 2022,Zexcs,Fantasy;Strategy Game,pg_13,5.77,221,11807,16417,0,0,24-09-2022,NULL
49796,Shanghai Gushi,Shanghai Melody,ona,8,finished_airing,original,summer 2022,NULL,Slice of Life,pg_13,6.33,133,8581,14834,0,0,10-07-2022,NULL
49470,Mamahaha no Tsurego ga Motokano datta,My Stepmom's Daughter Is My Ex,tv,12,finished_airing,light_novel,summer 2022,Project No.9,Comedy;Romance,pg_13,6.72,156911,6114,819,0,0,06-07-2022,wednesday
51473,Arifureta Shokugyou de Sekai Saikyou: Maboroshi no Bouken to Kiseki no Kaigou,Arifureta: Phantom Adventure and Miraculous Encounter,ova,1,finished_airing,light_novel,summer 2022,asread.;studio MOTHER,Action;Adventure;Fantasy;Harem;Isekai,pg_13,7.16,17601,3782,3828,0,0,25-09-2022,NULL
50379,Shoot! Goal to the Future,Shoot! Goal to the Future,tv,13,finished_airing,manga,summer 2022,Magic Bus;EMT Squared,Shounen;Sports;Team Sports,pg_13,5.31,6069,13514,5613,0,0,02-07-2022,saturday
49551,Hanabi-chan wa Okuregachi,Hanabi-chan: The Girl Who Popped Out of the Game World,tv,12,finished_airing,manga,summer 2022,Gaina,Comedy,pg_13,6.13,2470,9758,8915,0,0,10-07-2022,sunday
53676,Shanhai Jing: Zaijian Gaoshou,Goodbye Monster,movie,1,finished_airing,original,summer 2022,NULL,Adventure;Comedy;Fantasy,pg_13,0,46,19994,21884,0,0,13-08-2022,NULL
53236,Road of Naruto,Road of Naruto,pv,1,finished_airing,manga,fall 2022,Studio Pierrot,Action;Fantasy;Martial Arts;Shounen,pg_13,8.38,22623,0,4080,0,0,03-10-2022,NULL
49784,Mairimashita! Iruma-kun 3rd Season,Welcome to Demon School! Iruma-kun Season 3,tv,21,finished_airing,manga,fall 2022,Bandai Namco Pictures,Comedy;Fantasy;School;Shounen,pg_13,7.83,114559,1047,1148,0,0,08-10-2022,saturday
50590,Koukyuu no Karasu,Raven of the Inner Palace,tv,13,finished_airing,light_novel,fall 2022,Bandai Namco Pictures,Fantasy;Historical;Mystery;Mythology,pg_13,7.53,44647,1975,2059,0,0,01-10-2022,saturday
55366,Iiwake Bunny,Alibi Bunny,music,1,finished_airing,original,fall 2022,OTOIRO,Music,pg_13,6.28,291,0,18064,0,0,03-12-2022,NULL
54044,Utopia (2022),NULL,music,1,finished_airing,game,fall 2022,NULL,Idols (Male);Music,pg_13,6.38,238,0,18435,0,0,31-12-2022,NULL
54047,Your Rhapsody,NULL,music,1,finished_airing,game,fall 2022,NULL,Idols (Male);Music,pg_13,6.54,244,0,18548,0,0,31-12-2022,NULL
55179,Futari no Yakusoku,Princesses' Pledge,ona,1,finished_airing,game,fall 2022,NULL,CGDCT;Fantasy,pg_13,5.85,198,11338,18604,0,0,28-11-2022,NULL
49750,Juedai Shuang Jiao,Legendary Twins,ona,18,finished_airing,novel,fall 2022,BYMENT,Action;Martial Arts,pg_13,6.94,294,4900,13926,0,0,03-10-2022,NULL
52046,"Yuusha Party wo Tsuihou sareta Beast Tamer, Saikyoushu no Nekomimi Shoujo to Deau",Beast Tamer,tv,13,finished_airing,web_manga,fall 2022,EMT Squared,Action;Adventure;Fantasy,pg_13,6.9,118703,5133,1167,0,0,02-10-2022,sunday
53670,Blue Archive: Beautiful Day Dreamer,Blue Archive: Beautiful Day Dreamer,ona,1,finished_airing,game,fall 2022,Yostar Pictures,Fantasy;Sports;Video Game,pg_13,7.04,2421,4426,9255,0,0,07-11-2022,NULL
53680,Pole Princess!!,NULL,ona,14,finished_airing,original,fall 2022,Tatsunoko Production,Performing Arts,pg_13,5.58,1051,12654,9535,0,0,28-12-2022,NULL
53934,Pole Princess!! Prologue,NULL,ona,1,finished_airing,original,fall 2022,Tatsunoko Production,Performing Arts,pg_13,5.19,736,13805,13177,0,0,23-12-2022,NULL
55234,Pukapuka,NULL,music,1,finished_airing,original,fall 2022,NULL,Kids;Music,g,0,51,0,24932,0,0,01-12-2022,NULL
53832,Jumper!,NULL,music,1,finished_airing,original,fall 2022,NULL,Music,pg_13,0,76,0,24892,0,0,11-12-2022,NULL
55665,Mitsubachi,Honey Bee,music,1,finished_airing,original,fall 2022,NULL,Music,pg_13,0,78,0,24226,0,0,11-10-2022,NULL
55201,Cholog,Green,music,1,finished_airing,original,fall 2022,NULL,Music,g,0,81,0,24182,0,0,30-12-2022,NULL
55440,Momen no Handkerchief,A Cotton Handkerchief,music,1,finished_airing,original,fall 2022,NULL,Music,pg_13,0,82,0,24931,0,0,01-11-2022,NULL
55202,Sum,Breath,music,1,finished_airing,original,fall 2022,NULL,Music,g,0,71,0,25037,0,0,29-12-2022,NULL
55334,Fuyumi,Winter Sea,music,1,finished_airing,original,fall 2022,NULL,Music,pg_13,0,91,0,24019,0,0,23-11-2022,NULL
54247,Sonoki ga Nai nara,NULL,music,1,finished_airing,original,fall 2022,NULL,Music,g,0,76,0,25034,0,0,19-10-2022,NULL
55059,Jintian Shao Zhu Bu Zaijia,NULL,ona,7,finished_airing,game,fall 2022,NULL,Comedy;Fantasy,pg_13,0,21,17406,24609,0,0,17-12-2022,NULL
53799,Sen no Tobira: Thousand Doors,NULL,music,1,finished_airing,original,fall 2022,NULL,Kids;Music,g,0,74,0,24204,0,0,03-10-2022,NULL
57130,Miniforce V Rangers,Miniforce V Rangers,tv,26,finished_airing,original,fall 2022,SAMG Entertainment,Anthropomorphic;Kids;Mecha,pg,0,26,18589,24396,0,0,01-09-2022,NULL
54290,Pinkfong Cinema Concert 2: Wonderstar Concert Daejagjeon,Pinkfong Sing-Along Movie 2: Wonderstar Concert,movie,1,finished_airing,,fall 2022,NULL,Anthropomorphic;Kids;Music,pg,0,29,19342,24330,0,0,21-12-2022,NULL
57270,Jibun ga Omotte Ita yori mo,NULL,music,1,finished_airing,original,fall 2022,NULL,Kids;Music,g,0,45,0,26903,0,0,01-12-2022,NULL
49984,Wu Tian Yu Shang 2035,NULL,pv,1,finished_airing,manga,fall 2022,ASK Animation Studio,Mecha;Sci-Fi,pg_13,0,22,0,18999,0,0,11-11-2022,NULL
55027,Shizuku (Music),NULL,music,1,finished_airing,original,fall 2022,NULL,Music,pg_13,0,99,0,23349,0,0,31-12-2022,NULL
57777,Zaijian Romanesque,NULL,music,1,finished_airing,original,fall 2022,NULL,Idols (Female);Music,g,0,97,0,23325,0,0,26-11-2022,NULL
54473,Tsuraiya-iya,I Don't Like It,music,1,finished_airing,original,fall 2022,NULL,Idols (Male);Music,pg_13,0,101,0,23350,0,0,20-12-2022,NULL
53226,Shouhu Lian Meng ROY6: Senlin Li de Minini,NULL,ona,16,finished_airing,other,fall 2022,NULL,Anthropomorphic;Slice of Life,pg,0,33,20276,23772,0,0,23-10-2022,NULL
52173,Koori Zokusei Danshi to Cool na Douryou Joshi,The Ice Guy and His Cool Female Colleague,tv,12,finished_airing,web_manga,winter 2023,Zero-G;Liber,Adult Cast;Comedy;Fantasy;Mythology;Romance;Urban Fantasy;Workplace,pg_13,7.3,105655,3006,1081,0,0,04-01-2023,wednesday
52826,Tsurune: Tsunagari no Issha,Tsurune - The Linking Shot -,tv,13,finished_airing,light_novel,winter 2023,Kyoto Animation,School;Sports,pg_13,8.1,21301,575,2997,0,0,05-01-2023,thursday
57650,Koshaberi Biyori,NULL,music,1,finished_airing,original,winter 2023,NULL,Music;Romance,g,6.29,402,0,15861,0,0,07-03-2023,NULL
55306,Telepath,NULL,music,1,finished_airing,original,winter 2023,Gainax Kyoto,Music,pg_13,6.35,480,0,15169,0,0,01-02-2023,NULL
54369,Persona (Music),NULL,music,1,finished_airing,original,winter 2023,NULL,Avant Garde;Idols (Female);Music;Psychological,pg_13,6.4,469,0,15048,0,0,30-01-2023,NULL
54648,Fangkemeng: Bu Yuan Zhi Dao de Fangxing Baokemeng?!,Cube-Shaped Pokémon on Cubie Island?!,ona,5,finished_airing,game,winter 2023,Shirogumi,Action;Adventure;Comedy;Fantasy;Kids,pg,5.94,317,10833,15905,0,0,28-02-2023,NULL
57751,Coffee Kousou,NULL,cm,1,finished_airing,manga,winter 2023,Gyorai Eizo Inc.;Ijigen Tokyo,Delinquents;Music,pg_13,5.8,327,0,16091,0,0,30-01-2023,NULL
55369,Michizure,Michizure,music,1,finished_airing,original,winter 2023,NULL,Music,pg_13,6.52,398,0,16547,0,0,22-03-2023,NULL
54261,Bing Zhu Qi Hun Part 2,The Soul of Soldier Master Part 2,ona,12,finished_airing,original,winter 2023,HuaDream,Action;Adventure;Fantasy;Historical;Martial Arts;Mythology,pg_13,6.27,143,8930,16718,0,0,24-01-2023,NULL
54018,Guan Miao Shenmeshi,My Cat Hates Me,ona,13,finished_airing,manga,winter 2023,NULL,Comedy;Pets,pg_13,6.55,211,7188,16210,0,0,02-01-2023,NULL
50598,Aggressive Retsuko (ONA) 5th Season,Aggretsuko (ONA) 5th Season,ona,10,finished_airing,other,winter 2023,Fanworks,Anthropomorphic;Comedy;Workplace,pg_13,7.42,19254,2388,4338,0,0,16-02-2023,NULL
51252,Spy Kyoushitsu,Spy Classroom,tv,12,finished_airing,light_novel,winter 2023,feel.,Action;Mystery,pg_13,6.41,47992,8117,1626,0,0,05-01-2023,thursday
51495,Shin Shinka no Mi: Shiranai Uchi ni Kachigumi Jinsei,"The Fruit of Evolution: Before I Knew It, My Life Had It Made Season 2",tv,12,finished_airing,light_novel,winter 2023,Hotline,Adventure;Fantasy;Harem;Isekai;Romance,pg_13,5.48,52806,13003,1977,0,0,14-01-2023,saturday
48441,The Legend of Heroes: Sen no Kiseki - Northern War,The Legend of Heroes: Trails of Cold Steel - Northern War,tv,12,finished_airing,game,winter 2023,Tatsunoko Production,Action;Fantasy;Military,pg_13,5.63,10399,12461,3972,0,0,08-01-2023,sunday
54278,Watashi no Hashtag ga Baenakute.,NULL,cm,1,finished_airing,original,winter 2023,Bandai Namco Filmworks,School,g,6.05,601,0,12415,0,0,18-01-2023,NULL
54631,Dan Dao Zongshi,NULL,ona,40,finished_airing,novel,winter 2023,Quyue Technology,Action;Fantasy,pg_13,6.44,364,7875,14432,0,0,27-02-2023,NULL
57927,Kimi wa Sekai de Ichiban Utsukushii Iro PV,NULL,pv,1,finished_airing,manga,winter 2023,NULL,Drama;School,g,0,64,0,24465,0,0,01-03-2023,NULL
59784,Oshiri Tantei: Cosmic Front,NULL,tv_special,2,finished_airing,picture_book,winter 2023,Toei Animation,Comedy;Detective;Fantasy;Kids;Mystery,pg,0,18,19195,24030,0,0,18-03-2023,NULL
54693,Elena Evoy Gwanchal Ilji,Observing Elena Evoy,ona,12,finished_airing,web_manga,winter 2023,NULL,Fantasy;Romance,pg_13,0,96,16235,15855,0,0,10-03-2023,NULL
52308,Kanojo ga Koushaku-tei ni Itta Riyuu,Why Raeliana Ended up at the Duke's Mansion,tv,12,finished_airing,web_manga,spring 2023,Typhoon Graphics,Fantasy;Isekai;Reincarnation;Romance,pg_13,7.53,90800,1973,1415,0,0,10-04-2023,monday
55688,Baka Bakka,Fools Fools Fools,music,1,finished_airing,original,spring 2023,OTOIRO,Music,pg_13,6.34,404,0,16190,0,0,11-06-2023,NULL
55753,Okashi na Soudanshitsu!,Sweet Reincarnation Mini Anime,ona,10,finished_airing,light_novel,spring 2023,AQUA ARIS,Comedy;Gourmet,pg_13,5.8,318,11646,14960,0,0,23-06-2023,NULL
55009,Huyao Xiao Hongniang 11: Wu Mu Pian,Fox Spirit Matchmaker 11th Season,ona,12,finished_airing,manga,spring 2023,GARDEN Culture,Comedy;Historical;Romance;Supernatural,pg_13,6.67,167,6439,14308,0,0,24-06-2023,NULL
55404,Slash,Slash,music,1,finished_airing,original,spring 2023,Gyorai Eizo Inc.,Music,pg_13,6.52,633,0,14334,0,0,22-05-2023,NULL
55014,Yishi Du Zun,The Lone Sword Overlord,ona,45,finished_airing,web_novel,spring 2023,Xing Yi Kai Chen,Action;Adventure;Fantasy;Historical;Martial Arts,pg_13,6.63,331,6735,14408,0,0,22-04-2023,NULL
55128,Re:Searchlight,NULL,music,1,finished_airing,original,spring 2023,NULL,Music;Sci-Fi;Space,g,6.12,142,0,21587,0,0,25-04-2023,NULL
55391,Nyochio ga Yattekuru☆Yaa☆Yaa☆Yaa☆,Nyochio Is Coming☆Yay☆Yay☆Yay☆,music,1,finished_airing,mixed_media,spring 2023,NULL,Music,pg_13,5.91,183,0,20462,0,0,01-04-2023,NULL
55298,Fuhou Shinnyuu,Intrusion,music,1,finished_airing,original,spring 2023,NULL,Music,pg_13,6.26,194,0,20021,0,0,15-05-2023,NULL
55854,Hero,Hero,music,1,finished_airing,original,spring 2023,NULL,Music,pg_13,6.39,262,0,17930,0,0,30-06-2023,NULL
57485,Azur Lane Avengers!,NULL,ona,1,finished_airing,game,spring 2023,NULL,Action;Comedy,pg_13,5.95,181,10769,17981,0,0,01-04-2023,NULL
55883,Shiori (2023),NULL,music,1,finished_airing,mixed_media,spring 2023,Studio Lemon,Drama;Music,g,6.64,314,0,17213,0,0,30-06-2023,NULL
55370,Planetarium,Planetarium,music,1,finished_airing,original,spring 2023,NULL,Music,pg_13,6.57,387,0,16447,0,0,21-04-2023,NULL
54931,Ni Tian Zhan Ji,The Rise of the Weak,ona,20,finished_airing,manga,spring 2023,Fengyun Animation,Action;Adventure;Comedy;Fantasy,pg_13,5.8,127,11644,16682,0,0,03-04-2023,NULL
57424,Azur Lane Port Diary,NULL,ona,1,finished_airing,game,spring 2023,NULL,Slice of Life,g,5.58,202,12627,17445,0,0,23-04-2023,NULL
59607,Blue Archive April Fools' CMs,NULL,cm,2,finished_airing,game,spring 2023,NULL,Fantasy;Mecha;Organized Crime,g,5.52,175,0,18906,0,0,01-04-2023,NULL
52081,Edomae Elf,Otaku Elf,tv,12,finished_airing,manga,spring 2023,C2C,Comedy;Otaku Culture;Shounen;Supernatural,pg_13,7.25,26843,3261,2832,0,0,08-04-2023,saturday
53613,Dead Mount Death Play,Dead Mount Death Play,tv,12,finished_airing,manga,spring 2023,Geek Toys,Action;Fantasy;Reincarnation;Seinen;Urban Fantasy,r,7.26,122851,3198,979,0,0,11-04-2023,tuesday
53698,World Dai Star,Stella of the Theater: World Dai Star,tv,12,finished_airing,mixed_media,spring 2023,Lerche,Performing Arts,pg_13,7.32,5849,2926,5751,0,0,09-04-2023,sunday
41220,Huo Feng Liao Yuan,The Ravages of Time,ona,16,finished_airing,manga,spring 2023,LX Animation Studio,Action;Adventure;Historical;Martial Arts,pg_13,7.16,461,3796,12146,0,0,29-04-2023,NULL
56508,Ryouyaku,NULL,music,1,finished_airing,original,spring 2023,P.I.C.S.,Avant Garde;Music,pg_13,0,71,0,25147,0,0,17-05-2023,NULL
55800,Nakimushi Schrödinger,Crybaby Schrödinger,music,1,finished_airing,original,spring 2023,NULL,Music,pg_13,0,65,0,25418,0,0,28-06-2023,NULL
56935,Natsukashii Mirai,NULL,music,1,finished_airing,original,spring 2023,NULL,Music;Romance,g,0,67,0,25064,0,0,07-06-2023,NULL
56535,Tooi Sekai ni (2023),NULL,music,1,finished_airing,original,spring 2023,NULL,Kids;Music;Sci-Fi,g,0,66,0,24992,0,0,01-04-2023,NULL
57267,Tomato Trauma,NULL,music,1,finished_airing,original,spring 2023,NULL,Action;Music,pg_13,0,71,0,24868,0,0,04-04-2023,NULL
56477,Nae Maeumeun Muji,NULL,tv,26,finished_airing,original,spring 2023,OSROCTION,Comedy;Kids,pg,0,22,18831,24900,0,0,01-04-2023,NULL
56541,Sayonara no Mukou ni,NULL,music,1,finished_airing,original,spring 2023,NULL,Kids;Music,g,0,56,0,25616,0,0,01-06-2023,NULL
56658,Toumei na Nukumori,NULL,music,1,finished_airing,original,spring 2023,qmotri,Kids;Music,g,0,49,0,25623,0,0,01-06-2023,NULL
55563,Jian Gu,Blade and Bones,ona,60,finished_airing,web_novel,spring 2023,Suoyi Technology,Action;Adventure;Fantasy;Historical;Martial Arts,pg_13,0,89,17290,17948,0,0,16-06-2023,NULL
56358,Kkomimanyeo Lara,Komi Witch Lara,tv,13,finished_airing,original,spring 2023,NULL,Kids;Mahou Shoujo;School,pg,0,33,17796,22499,0,0,13-03-2023,NULL
56900,Project Voltage,NULL,music,14,finished_airing,mixed_media,summer 2023,Folium,Music,g,6.79,274,0,17092,0,0,29-09-2023,NULL
56558,Eldraine no Mori: Twin Fates,NULL,ona,1,finished_airing,card_game,summer 2023,Qzil.la;S.o.K,Action;Fantasy;Music,pg_13,6.14,404,9703,15287,0,0,06-09-2023,NULL
53859,Wan Sheng Jie 4,All Saints Street 4,ona,12,finished_airing,web_manga,summer 2023,Fenz;HMCH,Comedy;Fantasy;Mythology;Urban Fantasy,pg_13,7.83,14460,1056,5578,0,0,05-07-2023,NULL
56243,Jujutsu Kaisen 2nd Season Recaps,Jujutsu Kaisen Season 2 Recaps,tv_special,2,finished_airing,manga,summer 2023,MAPPA,Action;School;Shounen;Supernatural,r,7.72,15822,1318,4303,0,0,11-08-2023,NULL
52505,Dark Gathering,Dark Gathering,tv,25,finished_airing,manga,summer 2023,OLM,Gore;Horror;Shounen;Supernatural,r,7.84,57167,1013,1481,0,0,10-07-2023,monday
51020,Helck,Helck,tv,24,finished_airing,web_manga,summer 2023,Satelight,Action;Fantasy,pg_13,7.29,46065,3045,2101,0,0,12-07-2023,wednesday
52079,Cardfight!! Vanguard: will+Dress Season 3,NULL,tv,13,finished_airing,original,summer 2023,Kinema Citrus;Gift-o’-Animation;Studio Jemi,Action;Strategy Game,pg_13,6.64,1354,6617,9962,0,0,08-07-2023,saturday
56791,"Shangri-La Frontier: Kusoge Hunter, Kamige ni Idoman to su Mini Anime",Shangri-La Frontier Mini Anime,ona,9,finished_airing,manga,summer 2023,AQUA ARIS,Comedy;Video Game,pg_13,6.37,1752,8344,10050,0,0,28-09-2023,NULL
50582,Nanatsu no Maken ga Shihai suru,Reign of the Seven Spellblades,tv,15,finished_airing,light_novel,summer 2023,J.C.Staff,Action;Fantasy;School,pg_13,6.56,70893,7144,1471,0,0,08-07-2023,saturday
58159,Spy x Family Movie: Code: White Manner Movie,NULL,movie,1,finished_airing,manga,summer 2023,Wit Studio;CloverWorks,Comedy;Educational,g,7.1,2639,4171,7951,0,0,28-07-2023,NULL
56805,Yuusha,The Brave,music,1,finished_airing,original,summer 2023,Madhouse,Music,pg_13,7.86,5771,0,7124,0,0,29-09-2023,NULL
55878,Hataraku Maou-sama!! Recap,The Devil is a Part-Timer! Season 2: Recap Special From Sasazuka to Ente Isla!,special,1,finished_airing,light_novel,summer 2023,Studio 3Hz,Comedy;Fantasy,pg_13,6.1,3901,9933,6890,0,0,06-07-2023,NULL
53911,Nanatsu no Taizai: Ensa no Edinburgh Part 2,The Seven Deadly Sins: Grudge of Edinburgh Part 2,ona,1,finished_airing,manga,summer 2023,Marvy Jack;Alfred Imageworks,Action;Adventure;Fantasy;Shounen,pg_13,6.56,9042,7145,5405,0,0,08-08-2023,NULL
56191,I Like U,NULL,music,1,finished_airing,original,summer 2023,S.o.K,Music;Sci-Fi;Space,pg_13,6.08,212,0,18989,0,0,03-08-2023,NULL
56176,Kyozou no Carousel,NULL,music,1,finished_airing,other,summer 2023,Maxilla,Idols (Female);Music;Supernatural,pg_13,5.97,268,0,18393,0,0,04-08-2023,NULL
56186,Six Feet Under,NULL,music,1,finished_airing,other,summer 2023,BUDDHA INC.,Horror;Idols (Female);Music,r,5.9,267,0,18269,0,0,25-07-2023,NULL
55920,Ahiru-kun no Chiisana Bouken,Duck's Little Adventure,ona,1,finished_airing,original,summer 2023,NULL,Adventure;Slice of Life,g,5.9,233,11056,18255,0,0,08-07-2023,NULL
55578,Si Ge Yongzhe,4 Cut Hero,ona,10,finished_airing,web_manga,summer 2023,PHANTOM,Action;Adventure;Comedy;Fantasy;Harem;Parody;Romance,pg_13,6.56,6095,7157,4572,0,0,17-07-2023,NULL
51304,FLCL: Grunge,NULL,tv,3,finished_airing,original,summer 2023,MontBlanc Pictures,Avant Garde;Comedy;Mecha;Parody;Sci-Fi,pg_13,4.67,5858,14456,4205,0,0,10-09-2023,NULL
56032,Shinbigan,Aesthetic Sense,music,1,finished_airing,original,summer 2023,NULL,Music;Romance,pg_13,0,101,0,22871,0,0,18-07-2023,NULL
56909,Porong Porong Pororo 8,NULL,tv,26,finished_airing,original,summer 2023,NULL,Kids,g,0,44,19410,22698,0,0,28-08-2023,NULL
56481,Dino Powers 2,NULL,tv,26,finished_airing,original,summer 2023,NULL,Kids;Mecha,pg,0,22,16007,22665,0,0,20-07-2023,NULL
56672,Top Tier,NULL,music,1,finished_airing,web_manga,summer 2023,NULL,Music,pg_13,0,99,0,22595,0,0,09-08-2023,NULL
56373,Wangpai Erha,NULL,movie,1,finished_airing,original,summer 2023,NULL,Comedy;Mystery,g,0,21,21197,23779,0,0,19-08-2023,NULL
57145,Shinkiro,NULL,music,1,finished_airing,original,fall 2023,Studio KAI,Music;Slice of Life,pg_13,7.81,1104,0,12879,0,0,12-11-2023,NULL
50399,Tian Guan Cifu Er,Heaven Official's Blessing Season 2,ona,12,finished_airing,web_novel,fall 2023,Red Dog Culture House,Action;Adventure;Drama;Fantasy;Historical;Mythology,pg_13,8.64,24536,87,3115,0,0,18-10-2023,NULL
57442,Shixiong A Shixiong 2nd Season,My Senior Brother Is Too Steady 2nd Season,ona,26,finished_airing,web_novel,fall 2023,Sparkly Key Animation Studio,Action;Adventure;Fantasy;Historical;Martial Arts,pg_13,7.64,644,1562,12437,0,0,14-12-2023,NULL
57097,Wanneng Lian Ai Zahuo Dian,Love Magic Grocery,ona,16,finished_airing,manga,fall 2023,TthunDer Animation,Fantasy;Romance,pg_13,7.59,427,1744,12708,0,0,09-11-2023,NULL
55644,Dr. Stone: New World Part 2,Dr. Stone: New World Part 2,tv,11,finished_airing,manga,fall 2023,TMS Entertainment,Adventure;Comedy;Shounen,pg_13,8.3,224754,311,641,0,0,12-10-2023,thursday
56930,Jian Yu Feng Yun 3rd Season,The Legend of Sword Domain 3rd Season,ona,104,finished_airing,original,fall 2023,Ruo Hong Culture,Action;Adventure;Fantasy;Historical;Martial Arts,pg_13,6.7,221,6238,15248,0,0,29-10-2023,NULL
57096,Bu Si Bu Mie,The Eternal Strife,ona,16,finished_airing,web_novel,fall 2023,Wonder Cat Animation,Action;Adventure;Fantasy;Historical;Martial Arts,pg_13,6.59,333,6921,14669,0,0,16-11-2023,NULL
57603,Suki na Ko ga Megane wo Wasureta Short Episode Specials,The Girl I Like Forgot Her Glasses Short Episode Specials,special,3,finished_airing,manga,fall 2023,GoHands,Comedy;Love Status Quo;Romance;School;Shounen,pg_13,6.17,359,9550,13696,0,0,20-12-2023,NULL
57167,Princess Principal: Crown Handler 3 - Cost for Custom Cars,NULL,special,1,finished_airing,original,fall 2023,Actas,Historical;Mystery,r,6.77,579,5844,13454,0,0,22-11-2023,NULL
57609,Megumi no Daigo: Kyuukoku no Orange Recaps,Firefighter Daigo: Rescuer in Orange Recaps,tv_special,2,finished_airing,manga,fall 2023,Brain's Base,Action;Adult Cast;Drama;Shounen;Workplace,pg_13,5.93,636,10902,13570,0,0,23-12-2023,NULL
57037,Ghost Tale,NULL,ona,1,finished_airing,game,fall 2023,Marza Animation Planet,Comedy;Supernatural,g,6.19,751,9395,13679,0,0,31-10-2023,NULL
56885,Sousou no Frieren: ●● no Mahou,Frieren: Beyond Journey's End Mini Anime,ona,0,currently_airing,manga,fall 2023,TOHO animation STUDIO,Comedy;Fantasy,pg_13,7.39,9631,2578,5101,0,0,11-10-2023,NULL
53439,Boushoku no Berserk,Berserk of Gluttony,tv,12,finished_airing,light_novel,fall 2023,A.C.G.T.,Action;Adventure;Fantasy,r,6.72,127836,6092,1102,0,0,05-10-2023,thursday
54852,Kikansha no Mahou wa Tokubetsu desu,A Returner's Magic Should Be Special,tv,12,finished_airing,web_manga,fall 2023,Arvo Animation,Action;Fantasy;School;Time Travel,pg_13,7.05,83084,4396,1575,0,0,08-10-2023,sunday
40357,Tate no Yuusha no Nariagari Season 3,The Rising of the Shield Hero Season 3,tv,12,finished_airing,light_novel,fall 2023,Kinema Citrus,Action;Adventure;Drama;Fantasy;Isekai,pg_13,7.08,159393,4270,489,0,0,06-10-2023,friday
54743,Dead Mount Death Play Part 2,NULL,tv,12,finished_airing,manga,fall 2023,Geek Toys,Action;Fantasy;Reincarnation;Seinen;Urban Fantasy,r,7.44,62902,2323,1822,0,0,10-10-2023,tuesday
54103,Hikikomari Kyuuketsuki no Monmon,The Vexations of a Shut-In Vampire Princess,tv,12,finished_airing,light_novel,fall 2023,Project No.9,Comedy;Fantasy;Vampire,pg_13,7.14,50617,3914,1941,0,0,07-10-2023,saturday
56566,Beyblade X,NULL,tv,0,currently_airing,manga,fall 2023,OLM,Adventure;Kids;Sports,pg,6.89,1796,5138,8400,0,0,06-10-2023,friday
59539,2020 Yige Changge de Lao Tie,NULL,music,1,finished_airing,original,fall 2023,NULL,Music,pg_13,0,78,0,24415,0,0,30-11-2023,NULL
57509,Cage,NULL,music,1,finished_airing,original,fall 2023,NULL,Music,pg_13,0,75,0,24526,0,0,22-11-2023,NULL
57598,Maca and Roni 3,NULL,tv,13,finished_airing,original,fall 2023,Brick Studio,Comedy;Kids,g,0,22,18255,23924,0,0,28-10-2023,NULL
61187,Nezurite: Nezumi Oyako to Manabu Net Literacy,Mice Media: Lessons in Internet Literacy,tv,7,finished_airing,original,fall 2023,NULL,Anthropomorphic;Comedy;Educational,g,0,18,18946,25420,0,0,01-11-2023,NULL
56834,Boku mo,NULL,music,1,finished_airing,original,fall 2023,NULL,Kids;Music,g,0,57,0,25397,0,0,01-10-2023,NULL
51648,Nozomanu Fushi no Boukensha,The Unwanted Undead Adventurer,tv,12,finished_airing,light_novel,winter 2024,Connect,Action;Adventure;Fantasy,pg_13,7.43,116671,2372,1257,0,0,08-01-2024,monday
54617,Kyuujitsu no Warumono-san,Mr. Villain's Day Off,tv,12,finished_airing,web_manga,winter 2024,SynergySP;Shin-Ei Animation,Fantasy;Iyashikei;Slice of Life;Urban Fantasy,pg_13,7.24,32593,3355,2282,0,0,08-01-2024,monday
55129,Oroka na Tenshi wa Akuma to Odoru,The Foolish Angel Dances with the Devil,tv,12,finished_airing,manga,winter 2024,Children's Playground Entertainment,Comedy;Mythology;Romance;School;Seinen;Supernatural,pg_13,6.91,55627,5057,1791,0,0,09-01-2024,tuesday
56285,Ninja Kamui,NULL,tv,13,finished_airing,original,winter 2024,E&H Production,Action;Adult Cast;Gore;Sci-Fi;Super Power,r,6.54,77061,7266,1403,0,0,11-02-2024,sunday
57782,Yubisaki to Renren Mini Anime,A Sign of Affection Mini Anime,ona,12,finished_airing,manga,winter 2024,AQUA ARIS,Adult Cast;Comedy;Shoujo,pg_13,6.47,773,7745,11271,0,0,07-01-2024,NULL
57575,Wu Nao Monu 2nd Season,Agate 2,ona,15,finished_airing,web_manga,winter 2024,UKA,Drama;Fantasy,pg_13,6.75,574,5970,11450,0,0,02-01-2024,NULL
58170,Sakura Kimi Watashi,NULL,music,1,finished_airing,other,winter 2024,NULL,Music;Romance;School,pg_13,6.66,106,0,22242,0,0,19-02-2024,NULL
58526,Pipapo☆Pipipu,NULL,music,1,finished_airing,original,winter 2024,NULL,Music,pg_13,5.99,115,0,22868,0,0,20-03-2024,NULL
57939,Arknights 4th Anniversary PV,NULL,pv,1,finished_airing,game,winter 2024,Yostar Pictures;ARCUS,Fantasy;Music;Slice of Life,g,6.42,263,0,17532,0,0,09-01-2024,NULL
57858,"Shirarezaru Momowarou Monogatari""""",The Untold Story of Pecharunt,ona,2,finished_airing,game,winter 2024,CALF;P.I.C.S.,Fantasy;Kids,g,6.18,259,9498,16655,0,0,11-01-2024,NULL
54754,Hikari no Ou 2nd Season,The Fire Hunter Season 2,tv,10,finished_airing,light_novel,winter 2024,Signal.MD,Adventure;Drama;Fantasy,pg_13,5.92,4906,10952,6268,0,0,14-01-2024,sunday
61314,Oshiri Tantei: Nandemo Kaiketsu Club vs. Kaitou U,NULL,movie,1,finished_airing,picture_book,winter 2024,Toei Animation,Anthropomorphic;Comedy;Detective;Kids;Mystery,pg,0,13,19196,26513,0,0,20-03-2024,NULL
59383,Bu Bai Chi Gu Shici Man Youji,NULL,ona,45,finished_airing,other,winter 2024,NULL,Comedy;Historical;Kids,g,0,15,15385,26551,0,0,14-01-2024,NULL
60533,Kodamasuru,NULL,music,1,finished_airing,original,winter 2024,Mimoid,Avant Garde;Music,g,0,53,0,26911,0,0,27-01-2024,NULL
60734,Buyao Fan,Leave Me Alone,music,1,finished_airing,original,winter 2024,Saigo no Shudan,Music,g,0,56,0,26888,0,0,15-02-2024,NULL
58249,Choudai na,Give It To Me,music,1,finished_airing,original,winter 2024,NULL,Music;Psychological,pg_13,0,55,0,26959,0,0,22-01-2024,NULL
61201,Uwanosora,NULL,music,1,finished_airing,original,winter 2024,NULL,Avant Garde;Music,g,0,51,0,26875,0,0,26-03-2024,NULL
58576,DMZ Dongmul Teuggongdae,DMZ Animal Rangers,movie,1,finished_airing,original,winter 2024,NULL,Adventure;Anthropomorphic;Fantasy,pg,0,9,16024,26680,0,0,14-02-2024,NULL
60628,Mohan Kaitou Jikkenshitsu,NULL,music,1,finished_airing,original,winter 2024,NULL,Avant Garde;Music,pg_13,0,55,0,26575,0,0,25-01-2024,NULL
58379,Larva in Mars,NULL,tv,20,finished_airing,original,winter 2024,NULL,Comedy;Gag Humor;Kids;Sci-Fi;Space,g,0,59,18082,21492,0,0,13-01-2024,NULL
57449,Tian Jiang Daren,NULL,movie,1,finished_airing,,winter 2024,NULL,Adventure;Comedy;Fantasy,pg_13,0,19,20803,21564,0,0,06-01-2024,NULL
58655,Dixia Cheng Yu Yongshi: Po Jie Shaonu,Brave The Darkness:The Breakthrough Girl,ona,12,finished_airing,,winter 2024,LIDENFILMS;Friendly Land,Fantasy,pg_13,0,39,16022,21119,0,0,18-01-2024,NULL
57960,Balala Xiao Mo Xian: Xing Yuan Die Qi 2,Balala The Fairies: Star Fate Butterfly Awakening 2,tv,26,finished_airing,original,winter 2024,NULL,Kids;Mahou Shoujo,pg,0,50,15142,20868,0,0,28-12-2023,NULL
57931,Ba Jie: Tian Peng Xiajie,Ba Jie,movie,1,finished_airing,other,winter 2024,NULL,Action;Adventure;Fantasy;Martial Arts,pg_13,0,17,15052,21019,0,0,10-02-2024,NULL
58901,Hazard Symbol,NULL,music,1,finished_airing,original,spring 2024,Hifumi,Music;Supernatural,pg_13,6.42,188,0,19970,0,0,14-05-2024,NULL
59097,Page of Lambda,NULL,pv,1,finished_airing,original,spring 2024,NULL,Fantasy;Music,pg_13,6.39,144,0,20250,0,0,15-06-2024,NULL
58789,III,NULL,music,1,finished_airing,original,spring 2024,NULL,Music,pg_13,7.2,487,0,15838,0,0,03-05-2024,NULL
56980,Karasu wa Aruji wo Erabanai,Yatagarasu: The Raven Does Not Choose Its Master,tv,20,finished_airing,novel,spring 2024,Studio Pierrot,Drama;Fantasy;Historical;Mythology,pg_13,8.05,18946,643,3210,0,0,06-04-2024,saturday
56165,Boukyaku Battery (TV),Oblivion Battery,tv,12,finished_airing,manga,spring 2024,MAPPA,Comedy;School;Shounen;Sports;Team Sports,pg_13,7.53,19441,1960,3543,0,0,10-04-2024,wednesday
55877,Henjin no Salad Bowl,A Salad Bowl of Eccentrics,tv,12,finished_airing,light_novel,spring 2024,SynergySP;Studio Comet,Comedy;Supernatural,pg_13,7.27,30638,3149,2906,0,0,05-04-2024,friday
52196,Date A Live V,Date A Live V,tv,12,finished_airing,light_novel,spring 2024,Geek Toys,Action;Fantasy;Harem;Romance;School;Sci-Fi;Urban Fantasy,r,7.69,48894,1397,1856,0,0,10-04-2024,wednesday
53580,Tensei shitara Slime Datta Ken 3rd Season,That Time I Got Reincarnated as a Slime Season 3,tv,24,finished_airing,manga,spring 2024,8bit,Action;Comedy;Fantasy;Isekai;Reincarnation;Shounen,pg_13,7.7,206125,1389,557,0,0,05-04-2024,friday
51122,Ookami to Koushinryou: Merchant Meets the Wise Wolf,Spice and Wolf: Merchant Meets the Wise Wolf,tv,25,finished_airing,light_novel,spring 2024,Passione,Adult Cast;Adventure;Drama;Romance;Supernatural,pg_13,8.12,83977,540,1079,0,0,02-04-2024,tuesday
58935,Nyaaaanvy,NULL,tv,6,finished_airing,game,spring 2024,Shin-Ei Animation;Lesprit,Comedy,g,5.57,207,12683,17231,0,0,25-05-2024,saturday
59105,Majo no Takkyuubin x McDonald's CMs,NULL,cm,4,finished_airing,other,spring 2024,Shin-Ei Animation,Gourmet,g,6.11,285,0,17280,0,0,19-06-2024,NULL
56553,Kurayukaba,NULL,movie,1,finished_airing,original,spring 2024,Team OneOne,Detective;Mystery;Sci-Fi;Suspense,pg_13,6.42,1863,8028,8008,0,0,12-04-2024,NULL
56840,T.P BON,NULL,ona,12,finished_airing,manga,spring 2024,Bones,Action;Adventure;Historical;Sci-Fi;Time Travel,r,6.95,2679,4882,7413,0,0,02-05-2024,NULL
54199,Kaii to Otome to Kamikakushi,Mysterious Disappearances,tv,12,finished_airing,web_manga,spring 2024,Zero-G,Ecchi;Mystery;Supernatural,pg_13,6.76,33354,5885,2319,0,0,10-04-2024,wednesday
58561,Shanhai Chuanqi,NULL,tv,13,finished_airing,original,spring 2024,NULL,Action;Adventure;Fantasy;Kids,pg_13,0,11,19990,24205,0,0,18-03-2024,NULL
59112,Johari,NULL,music,1,finished_airing,original,spring 2024,Production HASU,Music,pg_13,0,93,0,23389,0,0,20-06-2024,NULL
59146,Sore Ike! Anpanman Movie: Baikinman to Ehon no Lulun,NULL,movie,1,finished_airing,picture_book,spring 2024,TMS Entertainment,Comedy;Fantasy;Kids,pg,0,20,20450,23375,0,0,28-06-2024,NULL
56215,Yi Nian Yong Heng 3rd Season,A Will Eternal 3rd Season,ona,59,finished_airing,web_novel,summer 2024,B.CMAY PICTURES,Action;Adventure;Comedy;Fantasy;Historical;Martial Arts,pg_13,8.23,1282,395,10177,0,0,03-07-2024,NULL
54724,Nige Jouzu no Wakagimi,The Elusive Samurai,tv,12,finished_airing,manga,summer 2024,CloverWorks,Adventure;Comedy;Historical;Samurai;Shounen,r,7.78,82568,1171,1372,0,0,06-07-2024,saturday
57876,Maougun Saikyou no Majutsushi wa Ningen datta,The Strongest Magician in the Demon Lord's Army Was a Human,tv,12,finished_airing,manga,summer 2024,Studio A-CAT,Action;Adventure;Fantasy;Isekai;Reincarnation,pg_13,6.4,63307,8160,1751,0,0,03-07-2024,wednesday
53626,"Bye Bye, Earth","Bye Bye, Earth",tv,10,finished_airing,light_novel,summer 2024,LIDENFILMS,Action;Adventure;Anthropomorphic;Fantasy,pg_13,6.05,22063,10236,2918,0,0,12-07-2024,friday
57646,Mob kara Hajimaru Tansaku Eiyuutan,A Nobody's Way Up to an Exploration Hero,tv,12,finished_airing,light_novel,summer 2024,Gekkou,Action;Adventure;Fantasy,pg_13,5.81,34664,11578,2655,0,0,06-07-2024,saturday
59179,Guai Xiang Shou,Whimsical Wish,ona,8,finished_airing,original,summer 2024,HuaMei Animation,Comedy;Fantasy,pg_13,6.77,322,5819,13214,0,0,05-08-2024,NULL
58894,Touken Ranbu Kai: Douden Chikashi Haberau Monora,Touken Ranbu Kai Douden,movie,1,finished_airing,other,summer 2024,domerica,Action;Anthropomorphic;Fantasy;Historical;Samurai,pg_13,6.47,368,7739,11123,0,0,16-08-2024,NULL
59596,One Piece: Araburu Henkaku no Log: Anyaku Suru Kakumeigun!,One Piece: The Log of the Turbulent Revolution - The Revolutionary Army Maneuvers in Secret!,tv_special,1,finished_airing,manga,summer 2024,Toei Animation,Action;Adventure;Comedy;Fantasy;Shounen,pg_13,6.38,1335,8281,11082,0,0,25-08-2024,NULL
59180,Bai Fa Shen La,Bureau of Paranormal Investigation,ona,8,finished_airing,novel,summer 2024,B.CMAY PICTURES,Action;Fantasy,r,6.57,128,7043,14148,0,0,11-07-2024,NULL
59332,Wasurete Kudasai,Forget it,music,1,finished_airing,original,summer 2024,NULL,Music;Slice of Life,pg_13,0,82,0,23803,0,0,18-07-2024,NULL
59879,32 Beon Daewangingeo,Number 32. Giant Fish,movie,1,finished_airing,original,summer 2024,NULL,Avant Garde;Drama,pg_13,0,24,14812,24072,0,0,05-09-2024,NULL
60203,Mirai kara Yattekita Mori,The Forest From the Future,ona,1,finished_airing,other,summer 2024,NULL,Historical,g,0,37,18622,24125,0,0,01-09-2024,NULL
59368,Fengyu Lang Qiao: Bishamonten,Vaisravana,ona,1,finished_airing,original,summer 2024,Nice Boat Animation,Action;Suspense,r,0,25,16351,23665,0,0,21-07-2024,NULL
59683,Animal Maru,Animal Circle,music,1,finished_airing,original,summer 2024,Studio Daisy,Music;Pets,g,0,86,0,23572,0,0,25-08-2024,NULL
59696,Jinling Yu Mao,The Royal Cat,movie,1,finished_airing,original,summer 2024,NULL,Adventure;Comedy;Fantasy;Historical,pg_13,0,17,17396,23517,0,0,24-08-2024,NULL
59353,Wo De San Ti 4th Season,My Three-Body 4,ona,9,finished_airing,book,summer 2024,NULL,Sci-Fi,pg_13,0,23,21275,23262,0,0,14-07-2024,NULL
59893,WBB Short Short Animation,NULL,ona,0,currently_airing,original,summer 2024,Echoes,Slice of Life,pg_13,0,31,21246,23293,0,0,02-09-2024,NULL
59504,DenDekaDen PV,NULL,pv,1,finished_airing,game,summer 2024,Qzil.la;S.o.K,Action;Fantasy,pg_13,0,78,0,24529,0,0,06-08-2024,NULL
60550,Vortex,VORTEX,music,1,finished_airing,original,fall 2024,TriF Studio,Music,pg_13,6.4,196,0,19760,0,0,04-10-2024,NULL
60482,Complex♡Princess,NULL,music,1,finished_airing,original,fall 2024,SANZIGEN,Idols (Female);Music,pg_13,6.64,232,0,19041,0,0,08-12-2024,NULL
60192,Flower Rhapsody,NULL,music,1,finished_airing,original,fall 2024,Studio KAI,Idols (Female);Music,pg_13,6.85,244,0,18230,0,0,26-10-2024,NULL
60235,Wu Ni,Martial Inverse,ona,30,finished_airing,web_novel,fall 2024,NULL,Action;Adventure;Fantasy;Historical;Martial Arts,pg_13,6.51,150,7476,17739,0,0,07-11-2024,NULL
58516,Ao no Exorcist: Yuki no Hate-hen,Blue Exorcist: Beyond the Snow Saga,tv,12,finished_airing,manga,fall 2024,Studio VOLN,Action;Mythology;School;Shounen;Supernatural,pg_13,7.48,33824,2158,2333,0,0,06-10-2024,sunday
57181,Ao no Hako,Blue Box,tv,25,finished_airing,manga,fall 2024,Telecom Animation Film,Love Polygon;Romance;School;Shounen;Sports;Team Sports,pg_13,8.16,145011,487,879,0,0,03-10-2024,thursday
57611,Kimi wa Meido-sama.,You are Ms. Servant.,tv,12,finished_airing,web_manga,fall 2024,Felix Film,Comedy;Romance,pg_13,7.06,51817,4350,1888,0,0,06-10-2024,sunday
59131,"Tensei Kizoku, Kantei Skill de Nariagaru 2nd Season","As a Reincarnated Aristocrat, I'll Use My Appraisal Skill to Rise in the World Season 2",tv,12,finished_airing,light_novel,fall 2024,studio MOTHER,Adventure;Fantasy;Isekai;Reincarnation,pg_13,7.44,59546,2348,2042,0,0,29-09-2024,sunday
60605,"Hajimemashite, wo Atsumeyou.",NULL,music,1,finished_airing,game,fall 2024,Fanworks,Adventure;Fantasy;Kids;Music,g,6.08,151,0,21003,0,0,18-12-2024,NULL
58445,"Sayounara Ryuusei, Konnichiwa Jinsei","Good Bye, Dragon Life",tv,12,finished_airing,light_novel,fall 2024,SynergySP;Vega Entertainment,Action;Adventure;Fantasy;Reincarnation,pg_13,6.33,40061,8579,2490,0,0,11-10-2024,friday
60084,Delico's Nursery: Ikuji Nisshi,NULL,tv_special,1,finished_airing,other,fall 2024,J.C.Staff,Childcare;Fantasy;Mystery;Organized Crime;Vampire,pg_13,6.26,493,9003,13289,0,0,10-10-2024,NULL
55845,Kidou Senshi Gundam: Fukushuu no Requiem,Mobile Suit Gundam: Requiem for Vengeance,ona,6,finished_airing,original,fall 2024,Sunrise;SAFEHOUSE,Adult Cast;Mecha;Military;Sci-Fi,r,6.39,5590,8208,6636,0,0,17-10-2024,NULL
62114,Komaneko no Kaigai Ryokou,Komaneko: A New Journey,movie,1,finished_airing,original,fall 2024,dwarf,Adventure;Anthropomorphic;Kids,g,0,8,17842,27183,0,0,25-10-2024,NULL
61178,Silver Staff,NULL,music,1,finished_airing,original,fall 2024,NULL,Avant Garde;Comedy;Music;Sci-Fi,pg_13,0,50,0,27485,0,0,28-11-2024,NULL
60498,Hua,Essence,movie,1,finished_airing,original,fall 2024,NULL,Drama,pg_13,0,7,17045,29455,0,0,18-10-2024,NULL
60946,Kairyuu to Yuubinyasan,Dragonite and the Special Delivery,ona,1,finished_airing,game,winter 2025,CoMix Wave Films,Adventure;Fantasy;Kids,pg,7.55,1076,1870,11978,0,0,27-02-2025,NULL
60045,The iDOLM@STER Shiny Colors 2nd Season: SHHis,NULL,special,1,finished_airing,game,winter 2025,Polygon Pictures,Idols (Female);Music,pg_13,5.88,210,11201,14263,0,0,28-03-2025,NULL
60742,Arayeya Kon Kon,NULL,music,1,finished_airing,game,winter 2025,NULL,Music,pg_13,6.38,135,0,21828,0,0,11-01-2025,NULL
60681,Shinobi,NULL,music,1,finished_airing,game,winter 2025,NULL,Music,pg_13,6.31,104,0,22509,0,0,02-01-2025,NULL
61242,Shaka Shaka ni Shite Ageru♪ feat. Hatsune Miku,NULL,music,1,finished_airing,mixed_media,winter 2025,NULL,Idols (Female);Music,pg_13,6.33,119,0,22654,0,0,09-03-2025,NULL
60736,Tsumi to Batsu (Reloaded),Crime and Punishment (Reloaded),music,1,finished_airing,original,winter 2025,OTOIRO,Music,pg_13,6.38,116,0,22941,0,0,10-01-2025,NULL
61098,Zubaaan Kenkyuukai Katsudou Kiroku,NULL,cm,3,finished_airing,original,winter 2025,NULL,Gourmet,g,6.38,101,0,22493,0,0,16-01-2025,NULL
60779,Twilight,NULL,music,1,finished_airing,original,winter 2025,NULL,Music;Sci-Fi,pg_13,6.49,328,0,16601,0,0,16-01-2025,NULL
60772,Xiang Huo Er Sheng,Rising in the Fire,ona,6,finished_airing,original,winter 2025,HM Heros,Action;Drama,pg_13,6.54,109,7289,17498,0,0,17-01-2025,NULL
60746,L'oN,NULL,music,1,finished_airing,original,winter 2025,NULL,Music;Supernatural,pg_13,6.06,265,0,18103,0,0,12-01-2025,NULL
60782,Itsuka no Watashi Yori,NULL,cm,1,finished_airing,original,winter 2025,Flat Studio,Slice of Life;Sports,pg_13,6.44,253,0,18112,0,0,17-01-2025,NULL
51119,Grisaia: Phantom Trigger,Grisaia: Phantom Trigger,tv,13,finished_airing,visual_novel,winter 2025,Bibury Animation Studios,Action;School,r,6.43,5816,7952,4289,0,0,02-01-2025,thursday
58271,Honey Lemon Soda,Honey Lemon Soda,tv,12,finished_airing,manga,winter 2025,J.C.Staff,Romance;School;Shoujo,pg_13,7.16,48785,3795,1996,0,0,09-01-2025,thursday
55997,"Guild no Uketsukejou desu ga, Zangyou wa Iya nanode Boss wo Solo Toubatsu Shiyou to Omoimasu","I May Be a Guild Receptionist, but I'll Solo Any Boss to Clock Out on Time",tv,12,finished_airing,light_novel,winter 2025,CloverWorks,Action;Adventure;Comedy;Fantasy,pg_13,6.64,64212,6630,1811,0,0,11-01-2025,saturday
57648,Nihon e Youkoso Elf-san.,"Welcome to Japan, Ms. Elf!",tv,12,finished_airing,light_novel,winter 2025,Zero-G,Comedy;Fantasy;Isekai,pg_13,7.29,37049,3060,2496,0,0,10-01-2025,friday
59914,Kinnikuman: Kanpeki Choujin Shiso-hen Season 2,Kinnikuman: Perfect Origin Arc Season 2,tv,11,finished_airing,manga,winter 2025,Production I.G,Combat Sports;Comedy;Shounen;Sports,pg_13,6.93,1113,4991,10491,0,0,12-01-2025,sunday
60821,Shiye Mowang,The Laid Off Demon King,ona,26,finished_airing,web_novel,winter 2025,Skyloong,Action;Adventure;Comedy;Fantasy;Romance,pg_13,6.96,786,4819,9702,0,0,05-02-2025,NULL
61224,"A-Rank Party wo Ridatsu shita Ore wa, Moto Oshiego-tachi to Meikyuu Shinbu wo Mezasu.: Party Tokushuu! Clover",I Left My A-Rank Party to Help My Former Students Reach the Dungeon Depths!: Party Special! Clover,tv_special,1,finished_airing,light_novel,winter 2025,Bandai Namco Pictures,Action;Adventure;Fantasy;Harem;Romance,pg_13,6.18,1588,9447,10259,0,0,16-03-2025,NULL
60645,Boku no Hero Academia the Movie 4: You're Next - A Piece of Cake,My Hero Academia: You're Next - A Piece of Cake,special,1,finished_airing,manga,winter 2025,Bones,Shounen;Super Power,pg_13,6.55,1628,7174,9921,0,0,19-02-2025,NULL
60407,Kimi to Idol Precure♪,You and Idol Precure♪,tv,49,finished_airing,original,winter 2025,Toei Animation,Action;Mahou Shoujo,g,6.95,1954,4853,8264,0,0,02-02-2025,sunday
60828,Hua Jianghu: Bu Liang Ren Qi - Jiu Youxuan Tian,The Degenerate-Drawing Jianghu 7,ona,12,finished_airing,original,winter 2025,Rocen,Action;Drama;Fantasy;Historical;Martial Arts;Romance,pg_13,0,76,17048,19522,0,0,27-03-2025,NULL
60856,Nizhan Zhilu,NULL,ona,10,finished_airing,,winter 2025,NULL,Fantasy;Sci-Fi,pg_13,0,16,19003,23133,0,0,21-01-2025,NULL
60897,Nee Nee Ano ne,I Just Wanted to Say...,ona,1,finished_airing,picture_book,winter 2025,Fanworks,Anthropomorphic,g,0,63,18904,22930,0,0,24-01-2025,NULL
62404,Queens,NULL,music,1,finished_airing,original,winter 2025,NULL,Music,pg_13,0,76,0,23347,0,0,31-01-2025,NULL
62494,Ojamajo Carnival!!: Yuru Tabi-hen,Ojamajo Carnival!!: Relaxed Journey Edition,ona,1,finished_airing,original,winter 2025,Toei Animation,Mahou Shoujo;Music;Slice of Life,g,0,72,19090,23345,0,0,08-03-2025,NULL
60985,Na Nian Na Tu Naxie Shi Er 7th Season,NULL,ona,12,finished_airing,other,winter 2025,NULL,Anthropomorphic;Comedy;Military,pg_13,0,14,18821,23762,0,0,11-02-2025,NULL
61002,Rock wa Shinanai,NULL,music,1,finished_airing,original,winter 2025,NULL,Idols (Female);Music,g,0,87,0,23841,0,0,14-02-2025,NULL
61927,Anata de Nakucha,NULL,music,1,finished_airing,original,spring 2025,NULL,Idols (Female);Music,pg_13,5.9,149,0,21461,0,0,28-06-2025,NULL
61388,Lunatic Wars,NULL,music,1,finished_airing,original,spring 2025,NULL,Music,pg_13,5.65,104,0,22503,0,0,01-04-2025,NULL
61841,Katachi,Pain Give Form,music,1,finished_airing,original,spring 2025,NULL,Fantasy;Music,pg_13,6.71,102,0,22974,0,0,12-06-2025,NULL
61601,A Horny Money World: Densetsu no Yoru,A Horny Money World: Legendary Night,music,1,finished_airing,original,spring 2025,NULL,Music,pg_13,7.07,315,0,17923,0,0,29-04-2025,NULL
61519,Players,NULL,music,1,finished_airing,original,spring 2025,NULL,Music;Video Game,pg_13,6.37,108,0,22953,0,0,17-04-2025,NULL
60506,Araiguma Calcal-dan,NULL,tv,24,finished_airing,book,spring 2025,Nippon Animation,Anthropomorphic;Comedy;Workplace,g,6,319,10502,12968,0,0,04-04-2025,friday
60446,Masuda Kousuke Gekijou: Gag Manga Biyori Go,Gag Manga Biyori Go,tv,12,finished_airing,manga,spring 2025,Studio Deen,Comedy;Gag Humor;Shounen,pg_13,6.09,444,10014,12850,0,0,05-04-2025,saturday
61551,Cupid.,NULL,music,1,finished_airing,original,spring 2025,NULL,Idols (Female);Music,pg_13,6.29,116,0,22860,0,0,22-04-2025,NULL
61737,Feel Like,NULL,music,1,finished_airing,original,spring 2025,CygamesPictures,Music;Slice of Life,pg_13,6.42,163,0,21185,0,0,23-05-2025,NULL
61802,Dream Believers (Sakura Ver.),NULL,music,1,finished_airing,other,spring 2025,NULL,Idols (Female);Music,pg_13,6.21,149,0,21144,0,0,07-06-2025,NULL
61592,Wangzhe Rongyao: Rongyao Zhi Zhang - Mingyun Pian,Honor Of Kings: Destiny,ona,4,finished_airing,game,spring 2025,Original Force,Action;Adventure;Fantasy;Historical;Martial Arts,pg_13,6.95,127,4884,17979,0,0,31-05-2025,NULL
59070,Guilty Gear Strive: Dual Rulers,Guilty Gear Strive: Dual Rulers,tv,8,finished_airing,game,spring 2025,SANZIGEN,Action;Fantasy,pg_13,5.9,6696,11072,5175,0,0,05-04-2025,saturday
50738,"Slime Taoshite 300-nen, Shiranai Uchi ni Level Max ni Nattemashita: Sono Ni",I've Been Killing Slimes for 300 Years and Maxed Out My Level Season 2,tv,12,finished_airing,light_novel,spring 2025,Teddy,CGDCT;Comedy;Fantasy;Isekai,pg_13,6.68,31514,6398,2036,0,0,05-04-2025,saturday
59452,"Katainaka no Ossan, Kensei ni Naru",From Old Country Bumpkin to Master Swordsman,tv,12,finished_airing,light_novel,spring 2025,Passione;Hayabusa Film,Action;Fantasy,pg_13,6.96,82562,4802,1537,0,0,05-04-2025,saturday
58131,Shiunji-ke no Kodomotachi,The Shiunji Family Children,tv,12,finished_airing,manga,spring 2025,Doga Kobo,Comedy;Harem;Romance;Seinen,pg_13,7.05,52725,4414,2151,0,0,08-04-2025,tuesday
60535,Everyday Host,NULL,tv,24,finished_airing,4_koma_manga,spring 2025,Fanworks,Adult Cast;Comedy;Gag Humor;Workplace,pg_13,6.93,1837,4943,7452,0,0,05-04-2025,saturday
61679,Bunka Shutter 70-shuunen Kinen Animation CM,NULL,cm,1,finished_airing,original,spring 2025,NULL,Anthropomorphic;Music,g,0,69,0,25399,0,0,01-04-2025,NULL
61629,"Monster (Music, 2025)",NULL,music,1,finished_airing,original,spring 2025,NULL,Music,pg_13,0,74,0,24364,0,0,03-05-2025,NULL
61774,BT21 The Journey,NULL,ona,9,finished_airing,other,spring 2025,NULL,Anthropomorphic;Fantasy,g,0,33,15382,23660,0,0,27-05-2025,NULL
61198,Tabekko Doubutsu The Movie,Dream Animals The Movie,movie,1,finished_airing,other,spring 2025,Marza Animation Planet,Action;Adventure;Anthropomorphic;Fantasy;Kids,g,0,27,20628,23719,0,0,01-05-2025,NULL
62352,Chainsaw Man Recap,Chainsaw Man: The Compilation,ona,2,finished_airing,manga,summer 2025,MAPPA,Action;Fantasy;Gore;Shounen;Urban Fantasy,r,7.79,5598,1134,5821,0,0,05-09-2025,NULL
59207,"Mikadono Sanshimai wa Angai, Choroi.",Dealing with Mikadono Sisters Is a Breeze,tv,12,finished_airing,manga,summer 2025,P.A. Works,Comedy;Harem;Romance;Shounen,pg_13,7.63,47312,1588,2351,0,0,10-07-2025,thursday
62385,Ano Hi no Kanojo-tachi: Day 09 - Miu Takigawa,The Diary of Our Days: Day 09 - Miu Takigawa,ona,1,finished_airing,original,summer 2025,CloverWorks,Idols (Female);Slice of Life,g,6.34,164,8472,17618,0,0,28-08-2025,NULL
60665,Futari Solo Camp,Solo Camping for Two,tv,24,finished_airing,manga,summer 2025,SynergySP,Adult Cast;Gourmet;Seinen;Slice of Life,pg_13,7.23,12212,3401,4007,0,0,11-07-2025,friday
53512,Busu ni Hanataba wo.,April Showers Bring May Flowers,tv,13,finished_airing,manga,summer 2025,SILVER LINK.,Comedy;Romance;School;Seinen,pg_13,7.17,10968,3728,4257,0,0,04-07-2025,friday
62422,Silent Witch: Chinmoku no Majo no Kakushigoto - Sennyuu Kiroku,Secrets of the Silent Witch: Undercover Report,tv_special,1,finished_airing,light_novel,summer 2025,Studio Gokumi,Fantasy;School,pg_13,6.38,3471,8292,7415,0,0,06-09-2025,NULL
59424,"Yuusha Party wo Tsuihou sareta Shiromadoushi, S-Rank Boukensha ni Hirowareru: Kono Shiromadoushi ga Kikakugai Sugiru",Scooped Up by an S-Rank Adventurer!,tv,12,finished_airing,manga,summer 2025,Felix Film,Adventure;Fantasy,pg_13,6.12,38638,9863,2678,0,0,11-07-2025,friday
60951,Kizetsu Yuusha to Ansatsu Hime,The Shy Hero and the Assassin Princesses,tv,12,finished_airing,manga,summer 2025,Connect,Action;Comedy;Fantasy;Shounen,pg_13,6.61,21962,6830,3327,0,0,12-07-2025,saturday
56693,Watari-kun no xx ga Houkai Sunzen,Watari-kun's ****** Is about to Collapse,tv,26,finished_airing,manga,summer 2025,Staple Entertainment,Comedy;Drama;Love Polygon;Romance;School;Seinen,pg_13,6.7,20051,6271,3040,0,0,05-07-2025,saturday
57933,Xiong Haizi: Tanxian Xiong Bing,Bear Kid: Super Hero,movie,1,finished_airing,original,summer 2025,NULL,Adventure;Anthropomorphic;Kids,pg,0,10,21870,25675,0,0,13-09-2025,NULL
62433,Mata Raishuu,See you next attack,music,1,finished_airing,original,summer 2025,NULL,Avant Garde;Music,pg_13,0,56,0,26702,0,0,05-09-2025,NULL
61778,Dotoli Munhwasenteo,NULL,tv,26,finished_airing,web_manga,summer 2025,NULL,Comedy,pg_13,0,17,16101,21293,0,0,01-06-2025,NULL
62209,Poke Oki,NULL,ona,6,finished_airing,game,summer 2025,NULL,Fantasy;Kids;Slice of Life,g,0,99,19379,21133,0,0,21-07-2025,NULL
62165,Wan Jian Wangzuo,NULL,ona,40,finished_airing,,summer 2025,Ruo Hong Culture,Action;Adventure;Fantasy;Historical;Martial Arts,pg_13,0,67,21181,20909,0,0,04-08-2025,NULL
59435,Undead Unluck: Winter-hen,Undead Unluck: Winter Arc,tv_special,1,finished_airing,manga,fall 2025,E&H Production,Action;Comedy;Shounen;Super Power,r,7.62,7114,1636,4640,0,0,26-12-2025,NULL
62593,One Piece: Dr. Chopper no Bouken Karte - Uragirimono-tachi no Masquerade,One Piece: Dr. Chopper's Adventure Checkup - Traitors Masquerade,tv_special,1,finished_airing,manga,fall 2025,Toei Animation,Action;Adventure;Comedy;Fantasy;Shounen,pg_13,6.01,672,10478,13464,0,0,12-10-2025,NULL
47158,Tomodachi no Imouto ga Ore ni dake Uzai,My Friend's Little Sister Has It In for Me!,tv,12,finished_airing,light_novel,fall 2025,Blade,Comedy;Romance;School,pg_13,6.5,28164,7540,2257,0,0,05-10-2025,sunday
63179,Remember,NULL,music,1,finished_airing,original,fall 2025,NULL,Music;Slice of Life,g,6.59,228,0,19081,0,0,26-12-2025,NULL
62997,Yuanshen☆FES 2026 Huodong PV,Genshin Impact☆FES 2026 Event PV,pv,1,finished_airing,game,fall 2025,A-1 Pictures,Fantasy,pg_13,6.53,234,0,18247,0,0,21-11-2025,NULL
62610,Mafiosa,NULL,music,1,finished_airing,original,fall 2025,Studio KAI,Music;Organized Crime,pg_13,6.83,277,0,16883,0,0,01-10-2025,NULL
61254,Ugoku! Neko Mukashibanashi,Cat Tales,ona,0,currently_airing,4_koma_manga,fall 2025,Studio Comet,Anthropomorphic;Comedy,g,6.27,152,8986,16523,0,0,15-10-2025,NULL
61159,Toujima Tanzaburou wa Kamen Rider ni Naritai,Tojima Wants to Be a Kamen Rider,tv,24,currently_airing,manga,fall 2025,LIDENFILMS,Action;Adult Cast;Comedy;Seinen;Super Power,r,7.57,10700,1809,3385,0,0,05-10-2025,sunday
61276,"Mikata ga Yowasugite Hojo Mahou ni Tesshiteita Kyuutei Mahoushi, Tsuihou sarete Saikyou wo Mezasu",The Banished Court Magician Aims to Become the Strongest,tv,12,finished_airing,light_novel,fall 2025,Gekkou,Action;Adventure;Fantasy,pg_13,6.33,30330,8565,2946,0,0,04-10-2025,saturday
58146,Tensei Akujo no Kuro Rekishi,The Dark History of the Reincarnated Villainess,tv,12,finished_airing,manga,fall 2025,Studio Deen,Comedy;Isekai;Romance;Shoujo;Villainess,pg_13,6.72,16707,6136,3929,0,0,09-10-2025,thursday
62682,Sawaranaide Kotesashi-kun Mini Anime Gekijou,NULL,tv,12,finished_airing,web_manga,fall 2025,NULL,Comedy,pg_13,5.79,125,11696,16905,0,0,09-10-2025,thursday
60591,Wei Miao Rensheng,Reborn as a Cat,ona,36,currently_airing,manga,fall 2025,Paper Plane Animation Studio,Pets;Romance;Supernatural;Workplace,NULL,6.83,227,5525,10985,0,0,11-11-2025,NULL
62378,Ganglion,NULL,tv,24,currently_airing,manga,fall 2025,studio maf,Action;Adult Cast,pg_13,6.08,1103,10077,7820,0,0,03-10-2025,friday
62677,So Bad,NULL,music,1,finished_airing,original,fall 2025,A-1 Pictures,Action;Music,r,0,56,0,26197,0,0,09-10-2025,NULL
62986,Re:Möbius,NULL,music,1,finished_airing,original,fall 2025,Soul Creative,Music,pg_13,0,51,0,27790,0,0,21-11-2025,NULL
63051,Sin,NULL,music,1,finished_airing,original,fall 2025,NULL,Music,pg_13,0,37,0,29339,0,0,04-12-2025,NULL
63195,TONGO Feat. Yutaka Matsushige,NULL,music,1,finished_airing,original,fall 2025,NULL,Avant Garde;Music,pg_13,0,37,0,29480,0,0,05-11-2025,NULL
63590,Bake no Kawa,NULL,music,1,finished_airing,original,fall 2025,NULL,Music,pg_13,0,34,0,29484,0,0,08-11-2025,NULL
63083,Kome Rice Onigiri,NULL,music,1,finished_airing,original,fall 2025,NULL,Comedy;Gourmet;Kids;Music,g,0,18,0,29552,0,0,01-12-2025,NULL
62561,Koikeya SDGs Gekijou Suss to Tina Season 6,Koikeya SDGs Theater Suss & Tina Season 6,tv,13,finished_airing,original,fall 2025,Garage Film,Action;Comedy;Super Power,g,0,17,17832,22671,0,0,01-10-2025,wednesday
62947,Muteki☆Honki Da Survivor!,NULL,music,1,finished_airing,original,fall 2025,NULL,Action;Idols (Female);Mahou Shoujo;Music,pg_13,0,83,0,23675,0,0,15-11-2025,NULL
63052,"Suisei (Music, 2025)","Comet (Music, 2025)",music,1,finished_airing,original,fall 2025,NULL,Music;Sci-Fi;Space,pg_13,0,91,0,23745,0,0,05-12-2025,NULL
63090,Mega Shinka no Uta,NULL,music,1,finished_airing,game,fall 2025,NULL,Fantasy;Music,g,0,74,0,23891,0,0,12-12-2025,NULL
62679,Nnasshoi Passion,NULL,music,1,finished_airing,original,fall 2025,StudioXD,Music,pg_13,0,83,0,23928,0,0,10-10-2025,NULL
62851,Necchuu Syndrome,NULL,music,1,finished_airing,original,fall 2025,NULL,Mahou Shoujo;Music,g,0,91,0,23926,0,0,24-10-2025,NULL
62662,Dokodemo Makibao: World Tour,NULL,ona,0,currently_airing,manga,fall 2025,DLE,Comedy;Racing;Shounen;Sports,g,0,10,16047,23857,0,0,08-10-2025,NULL
61335,Medalist 2nd Season,Medalist Season 2,tv,9,currently_airing,manga,winter 2026,ENGI,Drama;Performing Arts;Seinen;Sports,pg_13,8.45,4046,190,4461,0,0,25-01-2026,sunday
61217,Yuusha no Kuzu,Scum of the Brave,tv,24,currently_airing,web_manga,winter 2026,OLM,Action;Organized Crime;Sci-Fi;Super Power,pg_13,6.51,3206,7478,5245,0,0,11-01-2026,sunday
58886,Darwin Jihen,The Darwin Incident,tv,13,currently_airing,manga,winter 2026,Bellnox Films,Sci-Fi;Seinen,pg_13,6.58,5055,6990,4198,0,0,07-01-2026,wednesday
61196,Dead Account,Dead Account,tv,12,currently_airing,manga,winter 2026,SynergySP,Action;Shounen;Supernatural,pg_13,6.37,4300,8314,4450,0,0,10-01-2026,saturday
63319,Ittai Itsukara,Since When?,music,1,finished_airing,original,winter 2026,NULL,Idols (Female);Music,pg_13,0,49,0,26421,0,0,16-01-2026,NULL
63373,Bao Ke Meng Donghua Tujian: Zhuanshun Binfen,NULL,ona,0,currently_airing,game,winter 2026,NULL,Fantasy;Kids,g,0,12,15174,26601,0,0,19-01-2026,NULL
63200,Himitsukessha Taka no Tsume XX,NULL,ona,0,currently_airing,original,winter 2026,DLE,Comedy;Parody;Super Power,pg_13,0,5,16933,26838,0,0,06-01-2026,NULL
63577,Chatter Chatter,NULL,music,1,finished_airing,original,winter 2026,NULL,Music,pg_13,0,55,0,26671,0,0,28-02-2026,NULL
63287,Stand by Me,NULL,music,1,finished_airing,game,winter 2026,NULL,Idols (Female);Music,pg_13,0,51,0,26724,0,0,11-01-2026,NULL
63354,ReDreaming Angel,NULL,music,1,finished_airing,game,winter 2026,Studio Tumble,Idols (Female);Music,pg_13,0,82,0,24697,0,0,23-01-2026,NULL
63485,Xiuxian Zhe Dazhan Chaonengli,NULL,ona,40,currently_airing,web_manga,winter 2026,Ruo Hong Culture,Action;Adventure;Fantasy;Isekai,pg_13,0,22,21902,24237,0,0,14-02-2026,NULL
63595,Cang Yuan Tu Qianzhuan: Dongning Fu de Xiatian,Prelude of The Demon Hunter: Dongning Prefecture in Summer,ona,3,not_yet_aired,web_novel,winter 2026,Shenman Entertainment,Action;Adventure;Fantasy;Historical;Martial Arts,pg_13,0,0,0,29689,0,0,13-03-2026,NULL
62521,#Kanagawa ni Sunderu Elf,NULL,tv,0,currently_airing,manga,winter 2026,Imagica Infos;Imageworks Studio,Comedy;Fantasy,pg_13,0,64,14788,12704,0,0,04-12-2025,thursday
63504,Princess Principal: Crown Handler 4 - Fabulous Platypus,NULL,special,1,finished_airing,original,winter 2026,Actas,Historical;Mystery,r,0,96,19456,14498,0,0,28-01-2026,NULL
62421,Ansatsu Kyoushitsu Movie: Minna no Jikan,NULL,movie,1,not_yet_aired,manga,winter 2026,Lerche,Action;Comedy;School;Shounen,pg_13,0,3,0,4688,0,0,20-03-2026,NULL
60569,Zhongguo Qi Tan 2,Yao-Chinese Folktales 2,ona,9,finished_airing,original,winter 2026,Shanghai Animation Film Studio;Pb Animation;Number 19 Animation;TRCARTOON,Fantasy,NULL,0,39,22310,18725,0,0,01-01-2026,NULL
53732,Hidarikiki no Eren,Eren the Southpaw,tv,0,not_yet_aired,web_manga,spring 2026,Production I.G;Signal.MD,Adult Cast;Drama;Shounen;Visual Arts,NULL,0,0,0,9428,0,0,08-04-2026,wednesday
63304,Mamonogurai no Boukensha: Ore dake Mamono wo Kuratte Tsuyoku Naru,NULL,tv,0,not_yet_aired,web_manga,spring 2026,Imagica Infos;Imageworks Studio,Action;Fantasy,NULL,0,0,0,10822,0,0,03-04-2026,friday
61943,Haibara-kun no Tsuyokute Seishun New Game,NULL,tv,0,not_yet_aired,light_novel,spring 2026,Studio Comet,Comedy;Romance;School;Time Travel,NULL,0,1,0,8296,0,0,NULL,NULL
58820,Awajima Hyakkei,NULL,tv,0,not_yet_aired,web_manga,spring 2026,Madhouse,Drama;School,NULL,0,1,0,8796,0,0,10-04-2026,friday
63153,Hyakushou Kizoku 3rd Season Specials,NULL,special,2,not_yet_aired,manga,spring 2026,Pie in the sky,Comedy;Shoujo,pg_13,0,0,0,22772,0,0,24-04-2026,NULL
63276,Candy Caries,NULL,tv,0,not_yet_aired,original,spring 2026,Wit Studio,Comedy;Fantasy,NULL,0,0,0,22229,0,0,16-04-2026,thursday
62146,Isekai Nonbiri Nouka 2,Farming Life in Another World Season 2,tv,0,not_yet_aired,light_novel,spring 2026,Zero-G,Fantasy;Isekai;Slice of Life,pg_13,0,6,0,4487,0,0,NULL,NULL
62001,Yomi no Tsugai,Daemons of the Shadow Realm,tv,0,not_yet_aired,manga,spring 2026,Bones Film,Action;Adventure;Fantasy;Shounen,NULL,0,7,0,4193,0,0,04-04-2026,saturday
61931,Higeki no Genkyou to Naru Saikyou Gedou Last Boss Joou wa Tami no Tame ni Tsukushimasu. Season 2,The Most Heretical Last Boss Queen: From Villainess to Savior Season 2,tv,0,not_yet_aired,light_novel,spring 2026,OLM,Fantasy;Isekai;Josei;Villainess,pg_13,0,1,0,5567,0,0,07-04-2026,tuesday
59393,Niwatori Fighter,Rooster Fighter,tv,0,not_yet_aired,web_manga,spring 2026,SANZIGEN,Action;Anthropomorphic;Comedy,NULL,0,1,0,7023,0,0,15-03-2026,monday
58877,Diamond no Ace: Act II Second Season,Ace of Diamond Act II Season 2,tv,0,not_yet_aired,manga,spring 2026,OLM,School;Shounen;Sports;Team Sports,pg_13,0,1,0,6756,0,0,05-04-2026,sunday
60852,Koori no Jouheki,The Ramparts of Ice,tv,0,not_yet_aired,web_manga,spring 2026,Studio KAI,Comedy;Love Polygon;Romance;School,NULL,0,0,0,7159,0,0,02-04-2026,thursday
56613,Azur Lane: Bisoku Zenshin! Ni!!,Azur Lane: Slow Ahead! Season 2,tv,0,not_yet_aired,4_koma_manga,summer 2026,Studio CANDY BOX,Anthropomorphic;CGDCT;Comedy;Military;Sci-Fi,pg_13,0,0,0,10390,0,0,NULL,NULL
62322,Lv999 no Murabito,The Villager of Level 999,tv,0,not_yet_aired,light_novel,summer 2026,Brain's Base,Fantasy,NULL,0,0,0,9735,0,0,NULL,NULL
63489,Sora wa Akai Kawa no Hotori,NULL,tv,0,not_yet_aired,manga,summer 2026,Tatsunoko Production,Action;Adventure;Drama;Historical;Romance;Shoujo;Supernatural;Time Travel,NULL,0,1,0,11772,0,0,NULL,NULL
63418,Thunder 3,NULL,tv,0,not_yet_aired,manga,summer 2026,NULL,Mystery;Sci-Fi;Shounen;Supernatural,NULL,0,0,0,19807,0,0,NULL,NULL
61280,Kore Kaite Shine,NULL,tv,0,not_yet_aired,manga,summer 2026,Shin-Ei Animation,Comedy;Otaku Culture;Shounen,NULL,0,0,0,12920,0,0,NULL,NULL
60059,Nige Jouzu no Wakagimi 2nd Season,The Elusive Samurai Season 2,tv,0,not_yet_aired,manga,summer 2026,CloverWorks,Adventure;Comedy;Historical;Samurai;Shounen,r,0,0,0,4986,0,0,NULL,NULL
58929,Koukaku Kidoutai (TV),The Ghost in the Shell,tv,0,not_yet_aired,manga,summer 2026,Science SARU,Action;Adult Cast;Detective;Mystery;Psychological;Sci-Fi;Seinen;Suspense,NULL,0,0,0,5347,0,0,NULL,tuesday
62513,Clevatess II: Majuu no Ou to Itsuwari no Yuusha Denshou,Clevatess Season 2,tv,0,not_yet_aired,web_manga,summer 2026,Lay-duce,Action;Fantasy,r,0,2,0,4595,0,0,NULL,NULL
60522,"Gaikotsu Kishi-sama, Tadaima Isekai e Odekakechuu II",Skeleton Knight in Another World II,tv,0,not_yet_aired,light_novel,summer 2026,Aura Studio,Action;Adventure;Fantasy;Isekai,pg_13,0,1,0,4092,0,0,NULL,NULL
62856,Nijusseiki Denki Mokuroku: Eureka Evrika,Sparks of Tomorrow,tv,0,not_yet_aired,light_novel,summer 2026,Kyoto Animation,Drama;Historical,NULL,0,1,0,5774,0,0,NULL,NULL
